"user_id","tipo_anomalia","total_records","n_negativos","kWh_negativos_abs","n_extremos_horarios","kWh_extremos_horarios","n_dias_negativos","kWh_dias_negativos_abs","n_dias_extremos","kWh_dias_extremos","kWh_afectado_horario","pct_kWh_usuario_afectado","pct_kWh_global_afectado"
"37aede6e8e991baf712045e431e29e537d156a1e6a94b989ed51605259751b4e","extremos horarios",32881,0,0,24349,8513272,0,0,1370,9119757,8513272,93.349011,1.92758596
"2bd55500f5c665857fa0f030819bee4f0d7d5b113ffac9705d8fda13e5f706f9","extremos horarios",552,0,0,308,41870,0,0,23,47557,41870,87.820123,0.009480259
"15f8f3fd2269c5dc8ca3fdec8e7f402564fcd9ec97e791fa007597a2b8752db6","extremos horarios",29785,0,0,8909,2119152,0,0,781,2412416.5,2119152,85.612324,0.479821113
"49e996380cee389d738c061a5b51c070d872603793b6bf463b7ffc186a6880b4","extremos horarios",39481,0,0,29117,4843097,0,0,1645,5726931,4843097,84.565359,1.096580232
"03aa651f35efcc7fe6f9ef561683cc9e9138e2301d0ccc570a0ea6ed182fc1d7","extremos horarios",26424,0,0,13534,2464530,0,0,1086,3319519,2464530,74.182289,0.558022042
"6f64e0aa0500c7893317da9c885d20efaeea1790022b74bcc88794e74feb8f50","extremos horarios",37104,0,0,9813,1672916,0,0,1478,2249172,1672916,74.009536,0.378783785
"de681823e6c54ebbf97f1b21c1bb723f3d61b94d77c2923f39144c37fc554363","extremos horarios",8760,0,0,3635,574074,0,0,365,826035,574074,69.49367,0.129982571
"e20d347a0b45bbfa60840a881e52df488a3a0ca599f6ffe2472e90bb8788828e","extremos horarios",17664,0,0,4325,566078,0,0,690,812254,566078,69.022118,0.128172106
"aecd7d95504ffab7bf9c7809645f8b1f6acb1cf9f017961be6d8e51777442285","extremos horarios",19657,0,0,8413,1420298,0,0,819,2073847,1420298,68.484368,0.321585694
"314748735116f3da32ed56d24caa647b549515129e8698e45e7062ff27f917b0","extremos horarios",32089,0,0,9,10876,0,0,2,10894.342,10876,64.553442,0.002462558
"fd63459ff1e5e60af1504e54c01bc9603a6a6e185cdcfcb53fd1fca6540b3e72","extremos horarios",34176,0,0,9144,1555450,0,0,1424,2457887,1555450,63.283466,0.352186983
"c6e2548355931828364dba241f5765f9c400b81de60e96608f1474bd67e367f7","extremos horarios",20473,0,0,9713,1190870,0,0,853,1949012,1190870,61.099678,0.269638312
"028db7d004c5cf39e70f88a98e4c6f2633eb405e15c02127310610b4ad2e0a07","extremos horarios",15769,0,0,5342,1207552,0,0,657,2039289,1207552,59.212244,0.273415472
"57aaadb3e310c12e8f66aa9fc3fee00b4334041eda9e903e760e422dc61b623f","extremos horarios",15409,0,0,2065,266680.237,0,0,635,497017.987,266680.237,53.509746,0.060382081
"e3f3eb78e129cb0277a997a64de8b34c5632d5e792aa5429ac54b11a021173e1","extremos horarios",53184,0,0,14936,1897000,0,0,2188,3684981,1897000,51.405007,0.429521172
"e8b16dfb00c8454321e337ceefc5f67f1e8669cf6156d3be3dc18c8ea8bfa709","extremos horarios",17880,0,0,5411,898028,0,0,745,1759290,898028,51.04491,0.203332651
"35a1bb713a4248be36e2071a5e181b14ae347000c408affda8cff4144609619d","extremos horarios",43025,0,0,13257,1620506,0,0,1661,3417105.5,1620506,47.403515,0.366917046
"7a1a3846a2b31184282fdb9a3c505b3a725a2c8a9d579381a8bb0e5501957cc7","extremos horarios",48169,0,0,10692,1185454.1053,0,0,1618,2492314.3811,1185454.1053,46.993804,0.268412038
"f4777380e0ec7415cddb46a32b8129eca951c270fa899359927bced1dccd6223","extremos horarios",38569,0,0,9208,1178800.9751,0,0,1607,3011987.0251,1178800.9751,39.135909,0.266905628
"c9c5e17e77b1c4b13e66501aef6a06b29638f700f18141f7aca8c9522937e5ba","extremos horarios",10608,0,0,1376,188103,0,0,442,573229,188103,32.81286,0.042590522
"a21a67c6997fe35e4d9a3446a14c09ab32ebf9d992c3a665c5f911896d56a197","extremos horarios",29065,0,0,1001,108197,0,0,557,314224,108197,30.811311,0.024498103
"1e391ae82d7282eb900fde6986c8bb6132d1e59a4367a06f2daf8dc07a482e27","extremos horarios",53888,0,0,5173,611239,0,0,1541,2280519,611239,25.900419,0.138397518
"999434c5b962c775160de3f59fcdbc5f3a177b2f544a4d12b4bbb5cdc8fe9705","extremos horarios",576,0,0,78,8650,0,0,24,36790,8650,23.494581,0.001958544
"2a7d9b2beb984f798b0d4bc1403583cddabf4ffb57cc31e52a29b5b7640c7bd8","extremos horarios",18096,0,0,1286,142396,0,0,572,635777,142396,21.54098,0.032241485
"bbc7c0eb88af10f9e4007812cf1634908b0a3560d727024cb03c5ab180e3608e","extremos horarios",8352,0,0,508,55596.89,0,0,215,277330.2171,55596.89,19.842115,0.012588319
"fe721650de26a28cd65c8dc2485ec9c3c97b61f2229ac98a0d9f62c2e8e4e96f","extremos horarios",18072,0,0,465,56942,0,0,580,374964,56942,14.023983,0.012892881
"aadaf06f4e0f5b76d0b5e5cff40b7bff6bcc6fa7b99e15c4d126f35f8b4fcd2a","extremos horarios",5545,0,0,511,54031.953,0,0,231,423169.7948,54031.953,12.766151,0.012233984
"5bff07e2ff66bd6eb50de3a8a8a2492a45f5a2350a66f4a75cad44c1f3b9c1dd","extremos horarios",53800,0,0,3014,324436.81,0,0,1914,2562527.2454,324436.81,12.370357,0.073459398
"3750b4bb75b1bb5910b3ac738f2f9f5498a901930f655917f1aecaa0340c8b77","extremos horarios",31753,0,0,594,70048,0,0,1318,1299259.6178,70048,5.38742,0.015860358
"abadf1c930c5ec396b8ea24098c2e5594385ac1302ddf4e8761aa1ff10be0fd6","extremos horarios",7152,0,0,2,707.025,0,0,1,729.025,707.025,5.362584,0.000160086
"95161905d7b70d3e94034c6ff3dcc1bbe182b4e9abac017cacd08a4623ed39bb","negativos",48889,720,287,0,0,0,0,0,0,287,5.111272,6.4983e-05
"c41ead559890cab73163728989f2f6f9d8279c82133522443b8f342f951364d7","extremos horarios",51744,0,0,412,46363,0,0,1794,923801,46363,4.683453,0.01049757
"bb800f9682465d2447d936b3a05b4f2b7af0cd877bde5f86d89b47da3e0e6ee1","extremos horarios",52416,0,0,1019,109089.076,0,0,2111,2460995.304,109089.076,4.425604,0.024700088
"c6b78eecc57d2434654d49f4b2c5258d16fb9941fb2e59338cea673001a15187","extremos horarios",15937,0,0,114,12277.897,0,0,347,308468.9701,12277.897,3.814935,0.002779977
"417eefaadac45e886d21f6e4445d4ea8484e99f64547998f01eb6ef632990c30","negativos",48601,625,156,0,0,0,0,0,0,156,3.685136,3.5322e-05
"31d21922a47bba2f3a8246e30164dcdf9f15747d7cc291eee5f4a7ef39f053c0","extremos horarios",53385,0,0,262,27185.657,0,0,1180,846723.3499,27185.657,2.794559,0.006155411
"8029f3edc2efe87ff1fc8680693850848066fbeec2028083126bcdf0de85ef7c","extremos horarios",4537,0,0,49,5071.012,0,0,178,180099.7602,5071.012,2.784823,0.001148185
"c47067ff5b2d9a89ab22360c10fe771bddab9ccdba660f239b5bc818c0ef64e0","extremos horarios",35329,0,0,252,27125.522,0,0,1472,1117569.112,27125.522,2.427157,0.006141795
"189262a19fe60e4fb536277476e1ba10902d893ed130e11a0f5aec4a5ddcd626","extremos horarios",52428,0,0,1,1049.605,0,0,1,1078.618,1049.605,1.500881,0.000237653
"2ae8e303090a52514556c1f6e13378a3733e7b26e893b74680c47c20181be6f0","extremos horarios",21529,0,0,16,1950,0,0,158,98949,1950,1.381088,0.000441521
"b90a43ffff9f498298148769f554a94be260a23c4f95f55fdfe6712d77a1c96c","extremos horarios",27516,0,0,40,4246,0,0,712,374185,4246,1.010892,0.000961385
"aa4fbec24a89319508bbb6d01ff1b6214843d1bd5de413fe0eb351ca4ec836c5","extremos horarios",18096,0,0,55,5838,0,0,754,797268,5838,0.732217,0.001321847
"c966e80e4859e94d9e1eade23be0c9e45b09e24a242f62f4d0d15c35594f6a96","extremos horarios",35112,0,0,92,9593.861,0,0,1463,1518156.8058,9593.861,0.631927,0.002172254
"ac6bc1dd5d06186682cc7f64dc5988e845d68ec01a7e0a4c81f2c6768781aa8d","extremos horarios",30361,0,0,29,3137.754,0,0,921,613222.8479,3137.754,0.474639,0.000710454
"fec18f2a216cb37f85b76340f050e75268a6c272f1e095bc66b49590539d8d7b","extremos horarios",31249,0,0,35,3777,0,0,1302,900674,3777,0.419345,0.000855193
"2d8d65934dd254a249a782171f17ea2b630f7570da1404778fae0b7c8f38d9db","extremos horarios",2137,0,0,2,222,0,0,89,117272,222,0.189213,5.0266e-05
"5e93ad72991620b8b6a4730f072a13a5406d6fb29adf88a91f00ccf57a21295f","extremos horarios",15937,0,0,8,825,0,0,431,465312,825,0.171273,0.000186798
"89d0e638b790654fe8ab90d93536afc0aaa5e8ec7303e251282ae51e44914142","extremos horarios",14641,0,0,3,314,0,0,441,245795,314,0.115434,7.1096e-05
"013e655c2980faf1e8773b04f64c573dbe862f455b3d8c607d2ed73b44182115","extremos horarios",53557,0,0,15,1560,0,0,2224,2196488.5376,1560,0.070979,0.000353217
"69bd4d6eb39c93c193f1bb4a35d6be75f51c5630c6ac4ff9ae76ddd5cc191c96","extremos horarios",15552,0,0,1,103.355,0,0,326,128210.442,103.355,0.0646,2.3402e-05
"27335ed93f282f67cf5569d8f7bf3c6899a33cf6b1e93177428fb3298383923f","extremos horarios",53461,0,0,2,202.889,0,0,1078,548327.7518,202.889,0.029185,4.5938e-05
"7df8c226ffa2aecab9b53d1def01d03ee3d4b2212d776179c9846a535d3ef258","negativos",50209,6,0.006,0,0,0,0,0,0,0.006,3.2e-05,1e-09
"cada95379d7d30c1895419ace17f2ba7abcd9bf1253c22fb686b6b4926b3b4d8","extremos diarios",34752,0,0,0,0,0,0,1323,666040.872,0,0,0
"b14a53719809dd5ba2cb9dab72086f6fae3f6cbb2e9cccc01283cb3cf0305b04","extremos diarios",34680,0,0,0,0,0,0,13,3076.757,0,0,0
"80f0235659f7272c999fcf812ff62d1e021bad61e5286ebd1e42032888b82e07","extremos diarios",4753,0,0,0,0,0,0,74,21568.591,0,0,0
"9797b74cdb3e0c01d3b1688b22c35f6eefb8367385943f2f0a66d24d4427c26d","extremos diarios",17184,0,0,0,0,0,0,34,7264.188,0,0,0
"4d739b60e37168d583b46508e71cf2fdfb0f339b0d44a33cf8dbba1048aa9a45","extremos diarios",34752,0,0,0,0,0,0,2,415.897,0,0,0
"413e2a562f46833f812d56427c153a9d3133ade1e923d8ec6e101d4916fa0543","extremos diarios",5041,0,0,0,0,0,0,53,13043.098,0,0,0
"6516b3c6ad05b723f077960e0c1605fb1709678acde5a1084d2d51ca33e0909d","extremos diarios",33338,0,0,0,0,0,0,701,321830.2058,0,0,0
"2ff85da0ac21266402a2e1a6dbc18a9511146c32bde9c6d748aa9ce59faeeb2e","extremos diarios",15535,0,0,0,0,0,0,35,7233.024,0,0,0
"491abe24fb2e7a6a938848f5994f61cb35d8b0b87cb201de1430dd03bfbe773c","extremos diarios",31897,0,0,0,0,0,0,1,207.966,0,0,0
"ee6da748482831e1230431ccada97e9da3fb48fb9e6e582c86c4974a43d454d4","extremos diarios",360,0,0,0,0,0,0,1,297.401,0,0,0
"9d3f5b923f4d27c334c7f3e55bea4bc5c9098a05cab1187364b249095d422be7","extremos diarios",34752,0,0,0,0,0,0,13,2869.377,0,0,0
"20e256019729ad15768a198cb7e6594455ef7abf72dc7d816a60f842ba2c0a42","extremos diarios",16080,0,0,0,0,0,0,12,2467.81,0,0,0
"962fdbeaa2db3524e0b9078e70d3fb3590ca519ee9600a7ad72bfaedaa8dcba3","extremos diarios",44208,0,0,0,0,0,0,800,251027.407,0,0,0
"8d6e48a9281f785d17c78e964ee88c63fa7b9850fac572b89e0660e505b7e066","extremos diarios",28537,0,0,0,0,0,0,8,1894.377,0,0,0
"12d64f6be87ef72d8810cd62b8051682d106ce6d8ffbc2f5296b352ac0260b8b","extremos diarios",16176,0,0,0,0,0,0,447,105634.305,0,0,0
"6e89bd89572b9ade3ee5d09a84e1b7a9b6cff30bcf8371431508c4a92ee4efaf","extremos diarios",19464,0,0,0,0,0,0,78,16989.237,0,0,0
"0d4277fac539d444394b33ad19ffc7b6ebcefbef0262df4940b08de52b665ed7","extremos diarios",34752,0,0,0,0,0,0,12,2551.867,0,0,0
"8879dab7c8d758d88ca22b30e4e3e8b1e2d1a7566a1aa42a50f62e4807b5c8bd","extremos diarios",29785,0,0,0,0,0,0,119,26575.656,0,0,0
"313009cb98330f156837b7ef29204c691738cc16191bcb1b5bdcc79fbd885de2","extremos diarios",24888,0,0,0,0,0,0,11,2451.718,0,0,0
"060c49ee33cc3bb0266b15598ac33781928bdd90540a210a9208f748a195bea5","extremos diarios",26232,0,0,0,0,0,0,61,14663.559,0,0,0
"47d94a912049a972e9b1d73e61ecd9fefa458ab56b255fa5b451bc81d0be5d32","extremos diarios",9000,0,0,0,0,0,0,164,40369.732,0,0,0
"c7cd86e086c58e3da5592b9aed9ca40170502b9f2a7ed6b49f4420bf1ca343d6","extremos diarios",34752,0,0,0,0,0,0,1,211.919,0,0,0
"0a924c1b67e2bfa39d8c8207a434dc9bd1af0566ae7b41b7df1d0459cd58ce10","extremos diarios",19512,0,0,0,0,0,0,1,212.998,0,0,0
"89937e93758dc933359b47b4daedab3cace1081ad8ec941f4472f585baa2366a","extremos diarios",34680,0,0,0,0,0,0,1,256.606,0,0,0
"0e9667f746df95e76a5e0c810fd9290eeb7a33a11b206c7de34cfda1c1c69fcc","extremos diarios",1966,0,0,0,0,0,0,41,10170.5,0,0,0
"6d8e5bb26f66590f664183a9eb5d6ba3622f8dd63bfd955ef30fd58590c75e50","extremos diarios",34752,0,0,0,0,0,0,103,24446.373,0,0,0
"a29eb6ad4e4b91f3e7d89ca267d87f2af4954a6711e2ee603d3bac4e0648c15a","extremos diarios",58321,0,0,0,0,0,0,1,212.422,0,0,0
"4c03c9ff7b43e7259a469ff35ada4f136da72422c937e2988418ae14a4e91757","extremos diarios",32305,0,0,0,0,0,0,34,7431.646,0,0,0
"692653a10e9a9cafdcf62ac01d536d75f218e6ad0e33bdf30d59eca430e01f02","extremos diarios",34728,0,0,0,0,0,0,1,206.922,0,0,0
"6c0363a26289706ab6d69ddc27e6902235cd52236b3a04d39582fbbf52170253","extremos diarios",34752,0,0,0,0,0,0,96,23343.964,0,0,0
"8f46dfe8db07739ab5465a57bb50c23b5a5800399200e52dda82810fd67002a2","extremos diarios",31105,0,0,0,0,0,0,1,202.401,0,0,0
"0bae57421d44ea60d07b90084fec42e6941d5653944af3da8e9e56ea4771ad63","extremos diarios",16128,0,0,0,0,0,0,659,202527.0981,0,0,0
"80b360c283b90fd328b2375c9cd97e7bfce895912132242ba2aaf2155e1e7d60","extremos diarios",24433,0,0,0,0,0,0,53,11909.491,0,0,0
"6504d15670002fc99fbab431b0705575e7ccccb3a6bbf4bea8b4f0e83b2a54a0","extremos diarios",32737,0,0,0,0,0,0,1225,277958.034,0,0,0
"fc57d47185bbc3d927ae0c108c3024ee0e06282f48fa12357cc7233a5dea938b","extremos diarios",26064,0,0,0,0,0,0,3,649.184,0,0,0
"1a5c0c2b46e6b503cf9f192c4410d8e495c4ccb812e57b4a4c269a2d0d2a4d2a","extremos diarios",11737,0,0,0,0,0,0,192,48470.8563,0,0,0
"98f53d777261ce983b7756b790545c2903aa5dcd20025100c8f1d71917a7c55e","extremos diarios",53839,0,0,0,0,0,0,1585,1971327.3428,0,0,0
"ab962378562eb01dbeaf15f65c4f1e855cef3bcf32b681550fc1f9f4e3d8ea42","extremos diarios",28537,0,0,0,0,0,0,502,145708.92,0,0,0
"31e72ca5717516e342c44a70359141207f2297ae5bc96e210488424a8b75adee","extremos diarios",51312,0,0,0,0,0,0,3,1810.225,0,0,0
"618cde3f8f63b0f2d77b8b49f96997a7c964ab3fe9e056448ecbad8c90d62f06","extremos diarios",34752,0,0,0,0,0,0,329,96400.352,0,0,0
"6777d3dcff042f50933e8bd6e7d28a6ca040276238050ca29c5a4b3711f6218b","extremos diarios",47065,0,0,0,0,0,0,1,274.849,0,0,0
"e0da343562a34f4a4588462b78831e5ad317a06caf3da166fbcb3bc77a88e6d5","extremos diarios",34752,0,0,0,0,0,0,8,1756.488,0,0,0
"81432fbd5ddc6b25726742ab0aaeeded9ca5181964e0005aa2256e18e564278a","extremos diarios",27312,0,0,0,0,0,0,670,301080.766,0,0,0
"3353bb8dad9169afd3d90e71cd126b7d55b48a80d43de230103901c22c4b3c88","extremos diarios",34680,0,0,0,0,0,0,1,201.346,0,0,0
"581359db7fb5227c974b1c8f2bb9622482860544f75f2ee29334d3247b477ad3","extremos diarios",34752,0,0,0,0,0,0,1,211.77,0,0,0
"0eae35136dab8eec1d181be356c38d6439d3b7b1d34716157d73fb8fc49964f3","extremos diarios",22849,0,0,0,0,0,0,172,74229.186,0,0,0
"c98a894bc1afcd01c55a8a9f82e2a4e86160e901af1183f35beeb9c3fa34f29b","extremos diarios",2689,0,0,0,0,0,0,6,1274.837,0,0,0
"a7d5ce768120e658d1063623c152708e872fd122f99f20d2075951af90af3a43","extremos diarios",27312,0,0,0,0,0,0,551,227654.13,0,0,0
"f2f417ea29408bc10eca4d6be20a38fba058c9e2986f00e5ccf903240ffb3966","extremos diarios",21671,0,0,0,0,0,0,37,8056.831,0,0,0
"31c3e44775afc346dc6344a8797fc8dd053640f6c2fcd465b5e668924efe48cd","extremos diarios",26688,0,0,0,0,0,0,1,209.144,0,0,0
"1b60d3fb7c6e395b7aa54a1f32328684558ff64f8138f533c491bff323eba3af","extremos diarios",25776,0,0,0,0,0,0,86,21184.819,0,0,0
"4b063a2a0f2ecc37ffb0b1e09f5603a3f0c85fe183930d163aada4a46b2b3a41","extremos diarios",16080,0,0,0,0,0,0,5,1025.62,0,0,0
"cd5ff1b72c3daf8e8de8c722ba914b7510923b3cfbdf1b2c50e58986096da505","extremos diarios",14783,0,0,0,0,0,0,143,34331,0,0,0
"d38cee75b7d65ba768b1492579a4938de5e4feb6df8c52b35245bf07a68c6db2","extremos diarios",34680,0,0,0,0,0,0,637,197556.399,0,0,0
"629c11d318cb48b11b006ce388395fb2d9a0ad26899efae61e63c41c52821d27","extremos diarios",34752,0,0,0,0,0,0,1,221.719,0,0,0
"2fe46700cd67ddd4e9f6b8e1a37e7801200a96f5c35b6751d9f48cf3eeaeac47","extremos diarios",33625,0,0,0,0,0,0,8,1823.092,0,0,0
"440c35b82a50923e8575df83744288a483a55060370904b491da635ab78d8159","extremos diarios",16128,0,0,0,0,0,0,153,34039.476,0,0,0
"799ef7f0bf6790c505af6a0474774a2e41f0d444b477fbd43305f7ca88a77a7a","extremos diarios",23881,0,0,0,0,0,0,995,479938.8901,0,0,0
"40f1dda2fb7bd8e707f63d56dc6d78dcc4f543ed510ff71806e13a91419124ac","extremos diarios",7177,0,0,0,0,0,0,3,641.27,0,0,0
"f5404e3e6d3f4adaeb1600b57a45966442231244beb074e8f5c17d2ec49972ef","extremos diarios",37775,0,0,0,0,0,0,5,1344.639,0,0,0
"32dacbd5ba3b1fa3a79b35efbc687c205106fa530c61dadd1fae27a9718de1e6","extremos diarios",34752,0,0,0,0,0,0,33,7044.204,0,0,0
"ebb5cb059d9dbaa224a279fa70351e0d2a98ed68befdb7589b0c728d5e81e196","extremos diarios",6912,0,0,0,0,0,0,29,6903.674,0,0,0
"07528cef12b6bca4b056d8ca1201a5cdecbb2a593ea674fcfc4a636d836e4b07","extremos diarios",16056,0,0,0,0,0,0,252,61303.5,0,0,0
"7063493f53223431510258fc78cb235d53df400c2bc704649ffd98da3e19d939","extremos diarios",46729,0,0,0,0,0,0,2,407.515,0,0,0
"cd3c9d36348e8f32c749dffa87c40f74f047a842bb295ffb2fba419c90d40a96","extremos diarios",10871,0,0,0,0,0,0,157,39734.239,0,0,0
"164709c0bb239f6251840bc1b4e223d0f7a46d8de970d53860addad8c2627490","extremos diarios",34752,0,0,0,0,0,0,273,66567.613,0,0,0
"d22eeaea15f08da38628e365543f79d83f1c421b18b7563302656280e730d4ce","extremos diarios",15192,0,0,0,0,0,0,3,628.344,0,0,0
"2edd03e0cccba9f87f79feb935e912a6bec2b60e28b78307cd7f37c96d84e202","extremos diarios",46033,0,0,0,0,0,0,1309,710605.448,0,0,0
"5a140947d20e0e6c06099181db1a11c41239f8943a6b209fe1a611ae8bedbd63","extremos diarios",34728,0,0,0,0,0,0,151,34634.29,0,0,0
"23ed97ba6bc58b52fb85e31a6c8e950393b7e0885cc3dd6d7e711062f0f87abb","extremos diarios",58321,0,0,0,0,0,0,130,42114.444,0,0,0
"4384e51cbfbd3c7f17593f5a2a89e13166fa33af3e10b0cd375cd2fba9d05f90","extremos diarios",17664,0,0,0,0,0,0,322,82111.771,0,0,0
"8f93aedcf4d0a772b06b0651696bceeb245580044bfd2ba20125c0c0308905f7","extremos diarios",9096,0,0,0,0,0,0,2,424.723,0,0,0
"fde80368a6870d2d9f8ce8948249ab7c7b9e45d1753105cea7e281d02a8b51db","extremos diarios",29089,0,0,0,0,0,0,2,427.859,0,0,0
"ef49263e39546f3372e5d19224879d0aa496e0508c167d7cd3eb37ba56601c4f","extremos diarios",34320,0,0,0,0,0,0,2,409.378,0,0,0
"2b505dbd30734f496ed0817659427796d50c2fc5f73422088da4b33778d7cdff","extremos diarios",34776,0,0,0,0,0,0,375,86949.094,0,0,0
"80e5e88e4bd02a2dc2a2be77bf5d544805660190e7db9b7d3665f467b8c1e735","extremos diarios",16656,0,0,0,0,0,0,437,165815.57,0,0,0
"db7af9ad954b90b54aace0b6735b743a80680f93a842c35d6c259fe451f77655","extremos diarios",34704,0,0,0,0,0,0,3,613.741,0,0,0
"1129e804e6a775f8e49b392914385619cfb80dc268bebbd7bc0d9478b3a0efcd","extremos diarios",22225,0,0,0,0,0,0,82,20007.045,0,0,0
"47f937284f1a2b8ca1073386af7a57b9b8391801367ef5d62b42ddb29b990e7f","extremos diarios",31321,0,0,0,0,0,0,128,27001.51,0,0,0
"fc23fdfc0dc3fa07cff7dfc262bab28fd1efbdb2b5dcf6532f894149d3636502","extremos diarios",16080,0,0,0,0,0,0,51,11736.074,0,0,0
"465c43e42817b4874d3131be20e000f22dbebc1e217aeaf1f74a73c354678b58","extremos diarios",16080,0,0,0,0,0,0,98,20560.254,0,0,0
"7c9ae4dd6958ab72d66379f3a41ed37be72073e57d96d880ca96288e0740406a","extremos diarios",34680,0,0,0,0,0,0,3,614.061,0,0,0
"56c5f112997b0431d4bfdb84a062d2c5af8e22a3267bb213966d21d1b7e43fab","extremos diarios",58321,0,0,0,0,0,0,10,2223.522,0,0,0
"eae595c189b1db67676fa64a0c7b96d63503c6c931646cd3f63deb2c9c5de2e3","extremos diarios",26420,0,0,0,0,0,0,1,215.359,0,0,0
"aad6426ebfaac8de72c0eadda2a78b7e8e52b30bdcd2e1b6877ad0efb7529ae0","extremos diarios",34752,0,0,0,0,0,0,6,1263.973,0,0,0
"3073408c0cb7ca8c5b75593d38d487f27e898a666e52f999a3ce4942191db87d","extremos diarios",17040,0,0,0,0,0,0,158,35572.787,0,0,0
"296e522c2b8cc092e639a54415c291eb468b44eb3f228d4b2f62c786b51f62de","extremos diarios",22545,0,0,0,0,0,0,210,50655.715,0,0,0
"d09e35ce73dc1c65192b761af54eddcd653af2d3d78eb29a86a64323d377a652","extremos diarios",6431,0,0,0,0,0,0,14,3114.153,0,0,0
"616756bbff9b97bc259924fafb093858f19a713a6a8210f1174de84f5d3dd532","extremos diarios",33672,0,0,0,0,0,0,377,116695.8049,0,0,0
"10700285c1665a5b5098df83980ef0cfa1b1b7dcbf1a03b78a8ae2974bae8b36","extremos diarios",53605,0,0,0,0,0,0,608,164051.9669,0,0,0
"080df853bb74af1411204e1d636594d76f839683da3988ca4692742af61c5bb0","extremos diarios",21503,0,0,0,0,0,0,1,211.118,0,0,0
"1b50cff6360637ba68face729729f26485a6d0b29c281feb4acca4b18e5b4436","extremos diarios",27240,0,0,0,0,0,0,2,404.165,0,0,0
"2ec11bcc8544eca962c14977d3e9a54416f8440279724f910f4f8faa0aacc798","extremos diarios",21239,0,0,0,0,0,0,225,57464.912,0,0,0
"f00eb731c1dfa956f4c465c9643a01b9fc3f3e696e753b26c17132c7b0d90008","extremos diarios",15529,0,0,0,0,0,0,7,1527,0,0,0
"40d3fc8bdac7cf233202c4f2f36c0dbf6f8a5d153c248fac0843a2822f7cd5e2","extremos diarios",34752,0,0,0,0,0,0,10,2180.985,0,0,0
"405830bc73c6de88ece104c963df8f176974811bfa8c9850f92edc91d0016f0c","extremos diarios",11063,0,0,0,0,0,0,233,53077.743,0,0,0
"fd75411b621e196ed5b6b08b3a920ff87df2e84a8b196696a8bb5d73d5c5a0f3","extremos diarios",5255,0,0,0,0,0,0,1,206.981,0,0,0
"a7f8d2d456ac403bd3145ca3a749dc98214117a4b7c8f0c02e38c8742369db09","extremos diarios",6673,0,0,0,0,0,0,16,3369.251,0,0,0
"fe3ea99ccdc7084645feff208590bbd69d6dfc9ed7e8de97c3b3b037c578fca2","extremos diarios",30025,0,0,0,0,0,0,932,235046.899,0,0,0
"9374c65cb669b9c4a7f2230c32935ea76dbe9b1f2651e9bf88cdd25a7714d9cc","extremos diarios",29999,0,0,0,0,0,0,5,1333.191,0,0,0
"59749adfb836cf12854789da7d44b3f9e2421022ad024833295916468f49f31c","extremos diarios",9384,0,0,0,0,0,0,8,1747.958,0,0,0
"fbc47182fde67be068b76260d7eba9af683c00368658b6e1b80a0c5b7254ded2","extremos diarios",31369,0,0,0,0,0,0,756,214023.3201,0,0,0
"8c237253a3d1e8204d49d1101a9c1fcbd7d5045f91892b599f13ec616da3fb2b","extremos diarios",53232,0,0,0,0,0,0,1,200.339,0,0,0
"e65ba71644df95d6926ecf1dae2ef378f43bf0a9fbfa765bbe9d0982c85dd9d4","extremos diarios",34752,0,0,0,0,0,0,1,208.337,0,0,0
"16717b78eb670af32027cbe4f753be8a7ece056624c68004a385e05a94d5455b","extremos diarios",27744,0,0,0,0,0,0,9,2085.424,0,0,0
"accf215075b0c079da0f80667447ec95ada22204c6166a7122129912b8e3d7e8","extremos diarios",16009,0,0,0,0,0,0,82,18736.306,0,0,0
"05bc4c506d20ab06238240b858f0e3dbab970e5380a7b7216f19d203cf58f11f","extremos diarios",34200,0,0,0,0,0,0,272,68326.0709,0,0,0
"6ff8db1ebd33172afefdecd2cab8be34a0f002614bf104fdfa64e8b02a22de2e","extremos diarios",16080,0,0,0,0,0,0,7,1641.017,0,0,0
"ce90b55463d501645157c4065d942fec86c1a9ca7b995c8268a133d496b0c328","extremos diarios",34752,0,0,0,0,0,0,5,1141.494,0,0,0
"c76936952b69a6de5345976f68ec748e676c5f6aa95eb8115a8ee8d6d85c24e9","extremos diarios",22704,0,0,0,0,0,0,17,3600.448,0,0,0
"920a39e24796171adf9d999f854051f77c11bfcdaf181e563c3a4fd900660929","extremos diarios",33672,0,0,0,0,0,0,395,120510.8905,0,0,0
"66870edf21f82002063c0da6d386ec9d7c69273a0a201d023aa98db4a37eb569","extremos diarios",34752,0,0,0,0,0,0,5,1143.092,0,0,0
"f4c5cd9873385d8b39a49bfd3774dcc8c5aedc21cb17f2ab350eaa18080eb837","extremos diarios",34752,0,0,0,0,0,0,1120,360424.813,0,0,0
"4fd26d04bb6073ceaf231fe9cdef294905d72d4ea2bdfcd542e451d562655b18","extremos diarios",6804,0,0,0,0,0,0,35,8812.77,0,0,0
"eaa0203ebab13b868ff62afdacbac1db921eeb60c1c430716d02193287cdbd80","extremos diarios",16056,0,0,0,0,0,0,313,91128,0,0,0
"ea6d4ce7c9f81c679fd0cb3b6173bba995a981516ad73b1309bcd47e07b9a9cc","extremos diarios",2161,0,0,0,0,0,0,65,17507.502,0,0,0
"9c4652dbf0242ddda8114f0bf9e5fe4b355f436f2c2bc8860043d63cacf4b4a7","extremos diarios",840,0,0,0,0,0,0,21,10766,0,0,0
"854640aa4a73ec0045396ee17237df3258cceeafce14c3c9b10c109b83cecd37","extremos diarios",29545,0,0,0,0,0,0,1,266.468,0,0,0
"0acb7359cdef70d572b5d4e426480810421898c78541b409a80ec296a7bc755b","extremos diarios",2615,0,0,0,0,0,0,2,403.829,0,0,0
"834738cd520858b13bda053fd2fd1219b203802e402f2ce76ee807aef8941024","extremos diarios",23665,0,0,0,0,0,0,25,5271.74,0,0,0
"3b570dcb10f72258ad9ff60f365a7fefa1cb840f19395d7e387f5fe6c11b442f","extremos diarios",19991,0,0,0,0,0,0,1,209.472,0,0,0
"82fb1a7c91028bedbb14878ef64be2574429cad5eadd6249ba90d4a4d075a0a6","extremos diarios",28753,0,0,0,0,0,0,9,2039.067,0,0,0
"c91165e6afa34eddb5e6a0e1a17bebe3d784d33dd7e42217603781659dc0c2eb","extremos diarios",58321,0,0,0,0,0,0,2,420.23,0,0,0
"5cf228226aa07943ee4ef7865ae9221117cd5328d3414df60d8633b8ea67000c","extremos diarios",27744,0,0,0,0,0,0,11,2580.129,0,0,0
"c0c0b18d91f33d0e6c170db189110604c007f7ead68d0ea9868c6ef0a24237d3","extremos diarios",34752,0,0,0,0,0,0,1248,329603.228,0,0,0
"132f7ab549029b775fa10c08120c3cfe5166b50abd541c01406616bf9bdaf51a","extremos diarios",34752,0,0,0,0,0,0,492,122250.404,0,0,0
"d1d2072f8e2153893887d841b9c5d0c0d9cd66744b073b1df1107d286e287930","extremos diarios",34752,0,0,0,0,0,0,1216,347766.8369,0,0,0
"f29d3c379fb0c4452bd2a53779b9db1801f7561da1c8f0238776c7dde7b24bbd","extremos diarios",29305,0,0,0,0,0,0,15,3797.159,0,0,0
"9d3924a39cd649d537d7f8d77acf6b214aa95f37a00f8a3492a7dee8ce0a6f4c","extremos diarios",15457,0,0,0,0,0,0,1,220.968,0,0,0
"2a4c0dbcc3ce81e90eaff262f67449ef827a743ecc0b60b2f9567d3a52acce56","extremos diarios",10392,0,0,0,0,0,0,368,86850.712,0,0,0
"a76c058aee62ce25ac7a29a36373a26191f43d598bf4f1fb0e5e59f06e2a0d28","extremos diarios",18959,0,0,0,0,0,0,42,11186.347,0,0,0
"cc0afb3fc1af23b385800d4939c0afed3886d5dcfbaf7cdef94e1bcc3d07ec14","extremos diarios",21863,0,0,0,0,0,0,66,16147.363,0,0,0
"f124d541ae64aded96ee4dec401920c1c74a643c283a5ff01d9e8e4a76ab26d8","extremos diarios",12289,0,0,0,0,0,0,201,49752.633,0,0,0
"2477c63b21201ce95f52c643e2760840b8399a61b954c6b944eec69fd4fb0d9c","extremos diarios",53328,0,0,0,0,0,0,1,203.498,0,0,0
"77a31d07781ab50e71d72abf9af44cb51b45f28733934521387d20af75a99f63","extremos diarios",14593,0,0,0,0,0,0,31,8423.978,0,0,0
"07f3a673daa9fa4daeb6367af6eae16cd764ea32bbc75d127124836b80534bd4","extremos diarios",33792,0,0,0,0,0,0,21,4385.493,0,0,0
"5fde273c962f212c4e22e102101f4ad7c8ef821df7d9ade1c23caf26577c82bb","extremos diarios",34752,0,0,0,0,0,0,1,235.017,0,0,0
"a36b13d3f5dad6058c225f09ef96c7ca1516bc5c9b5280a65ec8723ff8493e73","extremos diarios",58321,0,0,0,0,0,0,3,632.035,0,0,0
"baf4b8796193031354d63e0fd71af126a7a3da9f75e66059e7cacc2911ca6fd9","extremos diarios",34296,0,0,0,0,0,0,4,836.176,0,0,0
"ee46d7248cee70cc6a26cf473d2b2e9b17b26a6ebd2db8ac1bcb54e2b8c2e260","extremos diarios",30902,0,0,0,0,0,0,607,233116.623,0,0,0
"cd3a5157937df6dacfb3765fce8e86e49b4f8df4e32bbfcd638df1902088ff4f","extremos diarios",24758,0,0,0,0,0,0,634,169007.123,0,0,0
"d9ea96bb37af449d43118251673c65259fdc0ef91616f52ca55fe36a614e8a57","extremos diarios",36072,0,0,0,0,0,0,457,130164.942,0,0,0
"bf5601e526022e7d447e3023764bc759088d5b18d51453e285195d718524d2e2","extremos diarios",53747,0,0,0,0,0,0,1891,776736,0,0,0
"0135254b7c737db199f74a7c6c00976426a1115dfa606dc5695f7c2554de5de3","extremos diarios",29089,0,0,0,0,0,0,612,213472.0611,0,0,0
"6b93fd2f3ebe414d4043aecd60eae9dfe48f0d33002ee956218e2cf11c8d208b","extremos diarios",20737,0,0,0,0,0,0,1,230.833,0,0,0
"373262db3ddaa43db063babc7392bb46d4ac5d921fabb8be66390ed037c900c2","extremos diarios",34776,0,0,0,0,0,0,1,498.484,0,0,0
"158e3165a14d08e92b463b4821413abd4ce4ce50b40fbf13fc3ab95215e0fa0f","extremos diarios",14593,0,0,0,0,0,0,146,39786.584,0,0,0
"f2fd88a35f837cefd5b1351bb44b6fc5a96eaec7dbdec47ce844f1791117fa50","extremos diarios",30577,0,0,0,0,0,0,620,160292.248,0,0,0
"cfc4af5e11468d553f5652066376d07bb223868acce22298bc2f4bf1d377bc95","extremos diarios",7896,0,0,0,0,0,0,12,2904.993,0,0,0
"ecd63b9f85a00054b81a81411a788340af995ad6ab7d35366ef2da14f7ebf789","extremos diarios",6576,0,0,0,0,0,0,7,1702.75,0,0,0
"1b969122200068223c7cf41241aada460d2c7ad5dd694b2e784cd2da038bd96d","extremos diarios",34752,0,0,0,0,0,0,1,200.146,0,0,0
"a944a5525673173ec823c403f51339e043cd4437adcdb505a84ce3cab8e76f0f","extremos diarios",22018,0,0,0,0,0,0,10,2239.171,0,0,0
"2f0ed812dc12175cc4795909f6af29a9d46b68268de6ba920450f15e8274840a","extremos diarios",14257,0,0,0,0,0,0,1,203.783,0,0,0
"48fb653cd14133d1118f818f859d841829eb19caf0d8e458f5dec2120e4351cb","extremos diarios",34752,0,0,0,0,0,0,835,263865.912,0,0,0
"1f5d86202cecc1c199a82410ac8e727bf3ff366b5245118259dc1723daf63228","extremos diarios",6169,0,0,0,0,0,0,12,3453.205,0,0,0
"880534fe9a1a8709d7b87cd0c9df9527e8fb80651205ad77d7a7023f30bb8cee","extremos diarios",34752,0,0,0,0,0,0,484,204057.8419,0,0,0
"23a3ed5588007f0201b041fd632630e9680e8f1dc4a43a7ca962cd096e4fa728","extremos diarios",36168,0,0,0,0,0,0,387,105956.588,0,0,0
"ffe55c2a33727bceaf9bab393049e901b8d5f61c2c26c574b5314a35d66bc003","extremos diarios",34752,0,0,0,0,0,0,242,61352.922,0,0,0
"8e3d017429188627d2864ecc3a7069ec5e8a28f01ea36035a984b667f4906c37","extremos diarios",24864,0,0,0,0,0,0,230,54185.405,0,0,0
"9438be46da5d8db8c1e6fc28f9c32c8bc7f22242ffc9da24607bfe6eca71cb6d","extremos diarios",51912,0,0,0,0,0,0,1168,583156.4389,0,0,0
"c820fb9d4683192c44a7084697479ccc5ed9f4d577616fb8490fc6a0d51cf714","extremos diarios",26232,0,0,0,0,0,0,37,9304.302,0,0,0
"f5c4341e37257cef8068c0485d2f744e83f02e1d0cf25f7e03fb7a8143cc610d","extremos diarios",34752,0,0,0,0,0,0,350,109290.5,0,0,0
"ab808585b78b8ce2c1558098439b4ce9eb6c1373dd58f1dc7c222c677bd19fd7","extremos diarios",15456,0,0,0,0,0,0,1,262.274,0,0,0
"d0cdadcdd8667f60f4caaf61fb9336e5e6cbea1b8169fb0dc81fa44ec9f74c50","extremos diarios",8736,0,0,0,0,0,0,202,57449.941,0,0,0
"c481f81e7ab5693318e4d622771bcfc5bb8a01481c3677f33f5df140c0e1c44d","extremos diarios",34872,0,0,0,0,0,0,25,11074.615,0,0,0
"428f7c786519b36724cfcfb18b38927d9b69394cf2fb8f71d33a6c574c748179","extremos diarios",28609,0,0,0,0,0,0,429,134410.811,0,0,0
"07623a90a0852de87b70e78bb2ff9f8b8c229cb9121ce77763ba09da106df64e","extremos diarios",1081,0,0,0,0,0,0,5,1196.442,0,0,0
"5f781f77596ea3f3c16416ee4117df85405351c324bcbc2115255c3eb13df287","extremos diarios",32065,0,0,0,0,0,0,268,95899.716,0,0,0
"dfdda127ecc2712ab525ee23446346165004addf153c5d7d900e281e79c002e0","extremos diarios",11640,0,0,0,0,0,0,474,138857.275,0,0,0
"dbfa0980f4bd14d17b1f00e00e1ee1b375dd690c4bb458ce665bc0cefeeb7a86","extremos diarios",15630,0,0,0,0,0,0,651,295809.545,0,0,0
"33d1c3435aed0879da24e92a03506635581ba4d7cf73d49a55757e19469d6869","extremos diarios",58321,0,0,0,0,0,0,1,202.711,0,0,0
"b7c9baf5c233cd52739acfeea7cd6d267512f97b8b87657a06dffa6674903973","extremos diarios",29785,0,0,0,0,0,0,33,10533.686,0,0,0
"dee5505faa4b054d1fa4b773ac3518102d7dae449271bb32200db8295f50bec1","extremos diarios",46561,0,0,0,0,0,0,1103,281075.5477,0,0,0
"638ee88439cfbb9aff86667df5807b711242ad8ff723e611f463e22e9733cd18","extremos diarios",34752,0,0,0,0,0,0,1,626.554,0,0,0
"ef20af4f2f579f034641e355d3c31f1ff68239f0d6614075356baf431e42cc2a","extremos diarios",1464,0,0,0,0,0,0,16,3952,0,0,0
"9ca8eadb37651e47d3f57a12a5c4b166518875a17d45598adc15362c8fb199a3","extremos diarios",46561,0,0,0,0,0,0,723,210793.705,0,0,0
"d07953830277dfa139ec0a72796cbade861b185a40b3d4e3d9757b1a57b653b5","extremos diarios",33864,0,0,0,0,0,0,2,418.812,0,0,0
"2ad885d91e7007827c1555426d86e5c74096a8fa8d29e060371f6d09691af335","extremos diarios",23905,0,0,0,0,0,0,40,11866.544,0,0,0
"472fbef3ec940fb7795ee15a82be298d2282f3c14abd949d131e8f030c8928ec","extremos diarios",26232,0,0,0,0,0,0,2,413.731,0,0,0
"d72613c86df9a9291820d9e6fe948aa36fbc0388065f026e9852fea5e3391736","extremos diarios",34680,0,0,0,0,0,0,221,53312.647,0,0,0
"b5ca4fd44c77a1a2ee67cf3b273a289f72197bd4e6c39bebdc40f77bb765da7a","extremos diarios",34464,0,0,0,0,0,0,1397,748579.2949,0,0,0
"365d2c7ae5156aaea91232ed2184e21b02afe348faf58c4e9383777cc7a9672d","extremos diarios",22849,0,0,0,0,0,0,192,46069.355,0,0,0
"960d54d127fcfc5b7c1849cd36b2e0abeeccbdd76ea2bbb08d01c119c4c768f7","extremos diarios",34752,0,0,0,0,0,0,354,78640.392,0,0,0
"acf1ae3b502936daf0f140d00f6f67c6dea24d3e543c192b4c30ad9e891d9885","extremos diarios",7416,0,0,0,0,0,0,55,12248.199,0,0,0
"016b5fe11a9e7d71b04eaed64b8666efe0df571ee3e7e6159baab4102c5002fc","extremos diarios",16781,0,0,0,0,0,0,38,8271,0,0,0
"6102123acd930f83593fb110a4a54c6b770a2f70c2d7a9bf972fdc10fce32133","extremos diarios",34680,0,0,0,0,0,0,198,50008.93,0,0,0
"2faba0759b3c91b4d255a981e766d2edc9fe3a1a1689088d6d001784094d1881","extremos diarios",30178,0,0,0,0,0,0,1258,531283.699,0,0,0
"3456cfc08d90aacbba528f474a1bd93547747321d5f58860f9421825f963800b","extremos diarios",34752,0,0,0,0,0,0,192,43478.395,0,0,0
"9867fd5d17ff013edd755e983484eeeb0aed9aeed43208191bc2031a24858e59","extremos diarios",18144,0,0,0,0,0,0,552,483221.4512,0,0,0
"73071a4b0fb7970c0b46471d245322fa2d8da23b2ff9d8f5fe3640461991af93","extremos diarios",4297,0,0,0,0,0,0,8,2529,0,0,0
"6c035b99aef4398068c35680d297e641545f8c9b49cd0bdf850f75f9ec461436","extremos diarios",34776,0,0,0,0,0,0,1,231.164,0,0,0
"58e11f7fa6cf63f1a67f3de365a160f20ec514e860b3b7ad40845e967c0120c7","extremos diarios",10488,0,0,0,0,0,0,2,429.697,0,0,0
"fe067588d3bb97977e03ca9e9499ad08263a85ce5a9bac0f4acbf253569bbadb","extremos diarios",1824,0,0,0,0,0,0,44,16392.203,0,0,0
"68ef287616ab7cbd7e27d163b19fe7bb123a41b72d7b0671774031bb5d4604bd","extremos diarios",29089,0,0,0,0,0,0,6,1228.526,0,0,0
"c94cc4c7afd12b933ee4dfee562a15836f0f59d370742dd6741c35f5e145a34c","extremos diarios",15672,0,0,0,0,0,0,1,204.061,0,0,0
"4f419e4f613de2f1035a2800e2ae6e9a84a04436f4eeff9be71df210d7fa3668","extremos diarios",7560,0,0,0,0,0,0,8,1767.114,0,0,0
"d59048b07a6e809b1716b504c743c38e8f95f172cea4f3ab4a2d54d78ac02cc1","extremos diarios",29089,0,0,0,0,0,0,128,26519.361,0,0,0
"e0f85bc17c79b26c5d9ed655a27e883d3ede24f059680a2832c25b991ab5ce9a","extremos diarios",27312,0,0,0,0,0,0,126,26231.089,0,0,0
"94b8cecab84a35f8189b2da0147373698e78c67f0245983bfe7fe8e114f3a803","extremos diarios",34752,0,0,0,0,0,0,6,1313.774,0,0,0
"fae1f0c317f2553f4567a09803eb7ab3a7f7d134c6172828deb99b7b000c2826","extremos diarios",34680,0,0,0,0,0,0,82,19857.29,0,0,0
"c7e2383e1c709473228a8b1720fbc4dd6c5c1fc87a77f98535f87d0d0673b69f","extremos diarios",26328,0,0,0,0,0,0,285,66920.088,0,0,0
"1f7bc8bb2623073f8f94243c292340c14450629a0dd44a67908e54252a3470a1","extremos diarios",34752,0,0,0,0,0,0,1,254.272,0,0,0
"a46294099bee70d78b618e98f38b3fc9c0d18e418925c954a76ebd428ab5062c","extremos diarios",34680,0,0,0,0,0,0,5,1100.604,0,0,0
"251519ea2c179d3cfe25690a7851d6f1209eb9a78eed36c4cb40d4de7c9f2107","extremos diarios",16608,0,0,0,0,0,0,38,8885.132,0,0,0
"ecd1f353ab6548a79699d95ad0c2b17570e8afcf0a777800328addc4cc15db5a","extremos diarios",3072,0,0,0,0,0,0,73,17836.5,0,0,0
"77705e5ce9de4d15260b479eccf022f5d3bfea48f73dd759d58b01370ebbe33e","extremos diarios",28537,0,0,0,0,0,0,166,35681.41,0,0,0
"bc99ad79366316f03d63013b9659af5d5f958b3aabe8ce505d99d863e497e3b3","extremos diarios",32761,0,0,0,0,0,0,3,647.205,0,0,0
"32ea76886ef192cabee019c564e6a5b72f5eb45659d1ff2f5cf7da05b4fbc6a3","extremos diarios",33888,0,0,0,0,0,0,637,288484.5711,0,0,0
"b6429168976be9b0ca103574f8105774f6753b480062f2b976f75d3cd7d63aa2","extremos diarios",552,0,0,0,0,0,0,13,3253.963,0,0,0
"a9c299da293b1f46f7b055cf8f05721cd5dfe21495cc90f2aff2d41ab1c010d5","extremos diarios",14329,0,0,0,0,0,0,26,5617.13,0,0,0
"aee2e96a6c9a19af41ffc284eb88dc4695a5a18547d97a80bb0d813afbd9291d","extremos diarios",6096,0,0,0,0,0,0,8,1674.988,0,0,0
"fbab6d53a1e7e598417e123392ff966b003e705b3ed2ac668c1b2cb442b245e7","extremos diarios",19657,0,0,0,0,0,0,199,51632,0,0,0
"8573340b6265f0121881c473f4b7ed21498b0e42a5eaea7e101b2b96f64601d3","extremos diarios",6696,0,0,0,0,0,0,1,201,0,0,0
"65901cedc36458395b9a35f9c50c555272af3ef33b2d73c432c2506f9e327f13","extremos diarios",58345,0,0,0,0,0,0,8,1694.353,0,0,0
"d412e2a21a4cd70282b7c8ecb98f9127528f61e2f929eae232dbf12d4a6a1842","extremos diarios",34752,0,0,0,0,0,0,3,622.602,0,0,0
"9ec976d074826510a857f3f0c82523ab98df49436b79824bafbfbb0e654c7053","extremos diarios",26088,0,0,0,0,0,0,1,219.768,0,0,0
"2e04779e17b33403586252d2c602cc1cfd95701224ee9cf1478555ddeddab12f","extremos diarios",10608,0,0,0,0,0,0,151,37594.898,0,0,0
"f5a3f03dd826ed2f9ec6f4e7adbbd4a07f89eb1ec42696630cc8ebc1fa5681c7","extremos diarios",34752,0,0,0,0,0,0,33,9209.411,0,0,0
"444ce9297cb9fd30f6f9ab669e6cab97b040b61af4ea9c51bf7c0a998d93c5de","extremos diarios",44928,0,0,0,0,0,0,37,8327.594,0,0,0
"db8c5c58662c0e0243179d04f8035c70615edbdd4ecc0e024bb64d9eba7ff6ba","extremos diarios",24327,0,0,0,0,0,0,359,82828.678,0,0,0
"17a2006f81d6178e0fd4fd11a6fefb0dfebd638420429ddb368a76a17149659d","extremos diarios",53184,0,0,0,0,0,0,431,173468,0,0,0
"710788757f46d986f1d17695cc9459d277d253b8051f7454e0f6eac7db60dc4f","extremos diarios",8736,0,0,0,0,0,0,302,90500.691,0,0,0
"074f109cc999fe56cf4dae61fca0eab14570cf47a0083e771d87f3eecceedd88","extremos diarios",19440,0,0,0,0,0,0,1,202.308,0,0,0
"ed4c6149b7861a239f514f8d433055193ea3757a394a105a7aa984c039c7023f","extremos diarios",34728,0,0,0,0,0,0,416,99425.3671,0,0,0
"af2d2aef588001f1b9224a3fc722e0829c0fdbb14000dd85844905614b17f191","extremos diarios",34752,0,0,0,0,0,0,871,238731.788,0,0,0
"557b4428579e72bffd1bcc06e9aa822d8bd5f90cc092a91ebe2142695557ad81","extremos diarios",7057,0,0,0,0,0,0,1,206.178,0,0,0
"90c0ae80c79744eaa7b3fcd7304fe3256d8960fa122e3eeac4dcc8b845207031","extremos diarios",25680,0,0,0,0,0,0,46,10094.354,0,0,0
"33c1d8ab85cf30e7a81423334469d8b23e07a5429abe2e661e749cca677c2772","extremos diarios",58297,0,0,0,0,0,0,2039,574985.3071,0,0,0
"9238689ba4f092ed4409badf08b35b48d2eec4f81b2cf8948fbac9a68c65d233","extremos diarios",34752,0,0,0,0,0,0,3,714.123,0,0,0
"c6e1e13ac48fe77d28076e56900c6a6433eae62c4aef8cf893a21364cda2a459","extremos diarios",34272,0,0,0,0,0,0,6,1286.682,0,0,0
"b0b0e236563981fe108071b4666299a88c47f00c0e9d2adb36b43cf26f1e9cee","extremos diarios",34752,0,0,0,0,0,0,94,19673.538,0,0,0
"5ee46b87ccd3c74c05b1cbd743a0ce5325dd55a1461c8a023280014f5a39107c","extremos diarios",20785,0,0,0,0,0,0,15,3777.006,0,0,0
"13b2e0baba87304eeaef0fbd419ba9fd08012e74b222a49fe94b2966d07117a5","extremos diarios",10488,0,0,0,0,0,0,362,204134.505,0,0,0
"804e29b9ef4dd75dbf6dd4403b139c688bfcd917b601906309b2dbb86888db4e","extremos diarios",14425,0,0,0,0,0,0,49,10465.833,0,0,0
"2f24e7fd68c2e276c459166eef923a9370b63dbb58e1bee6674e365844d6e18a","extremos diarios",53794,0,0,0,0,0,0,1561,563271.029,0,0,0
"eb4e68bbc5da90b31f70331a7e76ffaa9faa6638746ed8840f1b5c9dc86ec049","extremos diarios",34704,0,0,0,0,0,0,2,421.839,0,0,0
"169791a7d1c31ed6be1f4b5d9309c8b8cef64ce1f7f6b6cd6fa55c2c3b3b1f1f","extremos diarios",34752,0,0,0,0,0,0,635,169947.94,0,0,0
"d46c0324bc38564334d991e8715c29b518fd383048acdc90f88aee8cbc2ba19d","extremos diarios",52502,0,0,0,0,0,0,11,5289.221,0,0,0
"2ba03fff95887627e10b4888ea899f507a9998a1b44f2b3f3d2364d0052c1e6b","extremos diarios",29137,0,0,0,0,0,0,444,119986.868,0,0,0
"dd83c843be43f740994964e9d1c007eca5a29f451db76c4c5f3123b4e5f665dd","extremos diarios",24206,0,0,0,0,0,0,5,1053.971,0,0,0
"08345fc335ca3671b568e8dbede4a5103931ce64365a875f67adb425b4c1b7d2","extremos diarios",16080,0,0,0,0,0,0,403,123882.7579,0,0,0
"f91dfd0721e91c4a9216d014416e1a06e0cd53d98ec0989e8daaadbfef345beb","extremos diarios",15744,0,0,0,0,0,0,66,14275.151,0,0,0
"0feba97a758e9d87a540b279934f8661dad49d761ee529876e23939edeb2c604","extremos diarios",29089,0,0,0,0,0,0,3,1138.549,0,0,0
"d6bc42e2e8ff9a267340a0f71948418d5c0fd412db4fa4c723a3e881217a7f2d","extremos diarios",15457,0,0,0,0,0,0,48,10191.065,0,0,0
"a298cd9808d002df6162ca518d04ffc851742a905820d87d41f320ee2cd3ef5b","extremos diarios",22367,0,0,0,0,0,0,79,17363.675,0,0,0
"898e8a7e9d975c619d35b028b9855cb200399abfacb408132cb89b2257e0481d","extremos diarios",20400,0,0,0,0,0,0,2,881.477,0,0,0
"636c41c4afd1043518d2a99de3c1fe0e0de8685b29f488a92cba4d0e26459368","extremos diarios",22871,0,0,0,0,0,0,16,3405.89,0,0,0
"c785aa0d3958b9e55d69afcb40be53db4f332df7fb17bdf4a164b358b254cd21","extremos diarios",7991,0,0,0,0,0,0,3,650,0,0,0
"3ad6cf60278412c78a906c0126eb4189c11265d6a7447898675fcadba3e1d99c","extremos diarios",58321,0,0,0,0,0,0,38,8135.675,0,0,0
"45af35ecbb9ab7eac0da188f3553bd86c4deb748cb7bebbfdb65c75cf2231cfe","extremos diarios",29089,0,0,0,0,0,0,49,10005.41,0,0,0
"5d60479d4ec7aaca4f0481293e16f27c657cc15c20f1385399f08e963eaee9a7","extremos diarios",34752,0,0,0,0,0,0,596,165908.729,0,0,0
"1da0cd137fa1d0422c914ca486393dca2f866a29aa9a2ac2b8fa8b88d0776f44","extremos diarios",34752,0,0,0,0,0,0,689,354843.617,0,0,0
"2c2a03738c2dc4f48270814c3b4e501d5db9d67a3fa8d4e7f4a14fdaf394f566","extremos diarios",11041,0,0,0,0,0,0,35,8576,0,0,0
"9eeb80e58222c0bffa5d56492f3a9fb2818c93d37c1218bdd193cc9b1afdec0c","extremos diarios",10629,0,0,0,0,0,0,113,26534.567,0,0,0
"a9c03df391727609f2024d7f445f70b7a7f2df1b9c90cb9563b807e8c441d72b","extremos diarios",34752,0,0,0,0,0,0,5,1215.684,0,0,0
"1db014d84f445e3b08114339773bb8312ee52a6255fc6e1754692bc7aa5526d3","extremos diarios",40969,0,0,0,0,0,0,1544,643622.3781,0,0,0
"8ab6180d267cdac3471fbb171aad0ca24fc0189473bda1fe18bf113e6bf2fb75","extremos diarios",7225,0,0,0,0,0,0,1,204.873,0,0,0
"2234cfec40d610d8ec3848de0234840e8e21e95f95fd4ac9820c37503be4085a","extremos diarios",29065,0,0,0,0,0,0,8,2273.767,0,0,0
"23077a50f4f44e174acaa68d3587ebc77239ed92105f5c59dfda8b9ff8680a94","extremos diarios",24601,0,0,0,0,0,0,27,8780.879,0,0,0
"f5804126b8b196792fa8c7423077f5c4bdadace1ea55b180698de0b2adb3a073","extremos diarios",41641,0,0,0,0,0,0,1411,669612,0,0,0
"f75c684da3dc34dcfac10a649a669d09e1e45cb0f69a9f61ce2a18288547c869","extremos diarios",49705,0,0,0,0,0,0,3,639.481,0,0,0
"e5a86ac350ac7355e12d3dabf1e41899986ca9843dad969fbe642186af4ad26b","extremos diarios",17328,0,0,0,0,0,0,165,52137,0,0,0
"476164e15dfd35882bc9b4d1e4fe681d833b927dc3980d074d13060b9548e101","extremos diarios",34752,0,0,0,0,0,0,68,16721.864,0,0,0
"11ec3414398de28af222617e664906bae3efe0001d51110b5ec33e3f0a0715f2","extremos diarios",37321,0,0,0,0,0,0,60,15716.246,0,0,0
"475672a22ac1a80f7432d0645f3a77eb0ca7df35b9c240b33eecdbabd6469023","extremos diarios",34752,0,0,0,0,0,0,1161,375917.1299,0,0,0
"f70c37352529fe4980c3ee2dda5c0bbf676cfbf4c4126723a7cf064a103541b6","extremos diarios",34752,0,0,0,0,0,0,730,194133.342,0,0,0
"ad0243d06c3e4d04aacd203eb4c9eb45b4e2e9cd60786f13ce09735dabb719f1","extremos diarios",57769,0,0,0,0,0,0,15,3407.132,0,0,0
"a12423dba8583a02d5aecb7a760f4f1ae8032ff63c75f4f56b92f22807d519b3","extremos diarios",27312,0,0,0,0,0,0,322,70231.422,0,0,0
"ff0ca3ca1432221dd12b327878cd9c2e5956be483e97d1a2f8a53f42d3df9c4a","extremos diarios",24121,0,0,0,0,0,0,52,11817.375,0,0,0
"01b349f08f8b15d3428864747708b71c4310c10e2d602ed423080d20cd8f63e3","extremos diarios",22607,0,0,0,0,0,0,169,58591,0,0,0
"e6ec52bd76ebb164cc431455150394c8c0970db390768b5a1a942bc978c20bee","extremos diarios",39673,0,0,0,0,0,0,40,10481.803,0,0,0
"a3eab38987d6ffcb0e34ee1de998845136effc40cd2bcf324d17c33ff516f813","extremos diarios",20855,0,0,0,0,0,0,1,204.193,0,0,0
"749f165a0e10b3f0f49a262949b15a256ad3d4644306b5ca849785542169007f","extremos diarios",34752,0,0,0,0,0,0,807,262080.069,0,0,0
"3df7123437485470e31e85f0698860ae7ac4c649d9e0be8cd85a87284bdd191b","extremos diarios",34752,0,0,0,0,0,0,250,55604.712,0,0,0
"31a53c1fe7ca7fec15c4503bbd6c3a39e39924561f7a004c70d806562700f88d","extremos diarios",53605,0,0,0,0,0,0,826,276820.422,0,0,0
"ffe59959f53cdfb1d2be2fff9493d053cc8385a65de743ae44f9607d7a063f0c","extremos diarios",14233,0,0,0,0,0,0,1,200.239,0,0,0
"f9299c4c40f2ec44113b16dac69794c6831fbaa2c7fb6cd7df3feeba027becdc","extremos diarios",33313,0,0,0,0,0,0,4,947.232,0,0,0
"7f837f66a136210035dd1fef3714eca5d6a1955ca116fbacb827625cedd59039","extremos diarios",31777,0,0,0,0,0,0,2,495.395,0,0,0
"786120c3a492a0d6e34a58f4abbd5a27e93646c8452c9c7fcd1ae66890de4b77","extremos diarios",20017,0,0,0,0,0,0,432,123370.951,0,0,0
"3ebe0ae5bbea4f33e64301dbe133f4be6b7930111f0b86a15c20b3072ada3c48","extremos diarios",33816,0,0,0,0,0,0,7,2402.78,0,0,0
"e30a73579c388afadaa58e812e87b256e8a9a6a1f20bc7efbf3067e4f9325b14","extremos diarios",34680,0,0,0,0,0,0,19,3955.301,0,0,0
"a15293618b5c23ca264367bfeea76b57e7f0d8523099ea40058a946ab1cb43b1","extremos diarios",7200,0,0,0,0,0,0,198,45492.354,0,0,0
"03d11693a4c49d14f85c922e77619ca5dcc8273dd51cfd26f31beb25d7155657","extremos diarios",34176,0,0,0,0,0,0,180,40739.813,0,0,0
"c5d498b0ff6c3edc3d727c003df661a385b7cf163cbd0937ea509925be4f7a9a","extremos diarios",29113,0,0,0,0,0,0,1129,387030.279,0,0,0
"f3e0f892f8a09f110ff128975a8a94afb4250403f93a07983b7533eea8d3b088","extremos diarios",34752,0,0,0,0,0,0,1,230.077,0,0,0
"80bce6c9af2646af087bf9544f7496aefc5ba50140bbbe7a80fbf0666aa6c584","extremos diarios",29521,0,0,0,0,0,0,358,135852,0,0,0
"b9e4fe3ab05c226145210d018013099c350c6cc63ae79fa3231407aa5a2b980e","extremos diarios",26604,0,0,0,0,0,0,3,656.085,0,0,0
"0b7738357884185981797ae939b205b2436e3d560da05a641fd5a337a84e5e92","extremos diarios",58345,0,0,0,0,0,0,4,852.316,0,0,0
"2df641de15fa0df52a56c9e66a6a7d15dd23fa93bd3e2f701bd008be8de3b347","extremos diarios",25128,0,0,0,0,0,0,2,921.41,0,0,0
"ca8c95e1b49a04250bbf3f5661720034266de5a9872870c98e524f64bd26103d","extremos diarios",26328,0,0,0,0,0,0,16,3819.588,0,0,0
"1cd6654f0631266341f3fdf0ebbf51746e89223fdbf98c1eaa69f30cd17f67b9","extremos diarios",34752,0,0,0,0,0,0,70,16360.821,0,0,0
"c51cf881a953eaee3fb06f540cbe3319ba5ec26158f3fb81b628140f1972973a","extremos diarios",34752,0,0,0,0,0,0,15,3214.189,0,0,0
"d87b2ce349321f6d3a62869aac9137f044a2616802917201e18fe67ee46a332d","extremos diarios",34200,0,0,0,0,0,0,667,183337.0949,0,0,0
"2030124956f35cf85d3734130e3755b36306e71bf7be459c1a9b9c71069484a0","extremos diarios",20785,0,0,0,0,0,0,76,19439.254,0,0,0
"3ae9c21a3f556c84bed925565d908ea643dbf902ebeb36e7ea21330a82abf369","extremos diarios",22177,0,0,0,0,0,0,63,14269.396,0,0,0
"364bd637a4d80b64f3bd63128a88cf2ae40e70c357d2a81a29fcde6c180e9f65","extremos diarios",15937,0,0,0,0,0,0,119,27842,0,0,0
"45eb4a56622a97ca8f830e4ba503e3fadadeb2ae944517d92cf1429bce0a9e60","extremos diarios",7416,0,0,0,0,0,0,1,253.979,0,0,0
"995eee516e0300fb2df8030b911c4f347abb00bc8261015ce89ac6c09b03def3","extremos diarios",34200,0,0,0,0,0,0,1224,420542.7808,0,0,0
"240b4b3da7cf65f64a2e1daadaba7535dd25da6cb51ab76badec14507c4ca3e6","extremos diarios",15961,0,0,0,0,0,0,26,5730.722,0,0,0
"dd2f1c11f2169bfd6162dcf87d78651a858ecab824b6596ca23f322d70965180","extremos diarios",26232,0,0,0,0,0,0,1093,523814.5,0,0,0
"c4cb1ac290a336c4b6fc85999d2ee8d7a15a1ce6d6028689e826fc1829390db7","extremos diarios",32761,0,0,0,0,0,0,212,58470.313,0,0,0
"1ad5ba8d3fe28ed8c6cc26d9f92c69cd6b0f035fba5f1a77420521e7104e68f5","extremos diarios",34752,0,0,0,0,0,0,164,36142.118,0,0,0
"b7ccb65750261ea4dc2179e9c714ca5e746aee93450490254d90b5a4a7f7d91a","extremos diarios",58321,0,0,0,0,0,0,3,649.54,0,0,0
"3c0f70cf4a978c7e1506d11765e15e2de44aaa235d5d0b62eff1f8df9e62d13c","extremos diarios",23303,0,0,0,0,0,0,11,2332.172,0,0,0
"fa0f24d74cf75718d0e74441c811738360906cefe682ddd98734ff0852f441f7","extremos diarios",58297,0,0,0,0,0,0,20,4166.74,0,0,0
"bcae149584b9f985cc13b3a34b59badbf7c58974a1959ec6d1aeb08364fdd2a8","extremos diarios",40592,0,0,0,0,0,0,190,64547,0,0,0
"685eb85a6772d9f52572ee4ba61bea4359b24e543230a9f90c16cc9ef95c9e33","extremos diarios",16080,0,0,0,0,0,0,507,132275.7361,0,0,0
"e2e81d16ea9bf49747265c8191c85028653f8e3043ba16b883911d0e2bc38267","extremos diarios",23209,0,0,0,0,0,0,1,365.862,0,0,0
"9fb19047c7ddd1d1bfa58d15b94126b044f139f0fe0af873d57b8f6638ce5ffa","extremos diarios",29473,0,0,0,0,0,0,14,3011.013,0,0,0
"d8747f7189be70b6d74e3ce88996015250fbddee6c9bc87520f18633a6c0cc06","extremos diarios",9096,0,0,0,0,0,0,10,2072.151,0,0,0
"7a16946dc9b673e4ab8c1a88bc5a1fdf69e3145ecaed796b32a5a106c19ee5b7","extremos diarios",27600,0,0,0,0,0,0,6,1233.942,0,0,0
"4ee137ff23f1365212aaa5add9bb15a01e442e827514a074bf3fbeddeb1ec05f","extremos diarios",53700,0,0,0,0,0,0,602,164733.697,0,0,0
"e6e7c852ad9636c6dff08cc08ab388a1792682236c27bba2794d39e882a3042a","extremos diarios",33073,0,0,0,0,0,0,1,486.693,0,0,0
"e6f10d79b9783589b868be9be2ad7958eb521c42aa0bc931cd0b129d69d7fc35","extremos diarios",11041,0,0,0,0,0,0,10,2209.176,0,0,0
"7e8f85fa8e0a8a69393ab7c2b828f957181e6a6755d828ad480822c6ff282c08","extremos diarios",6577,0,0,0,0,0,0,4,912.602,0,0,0
"d24a98520080cd638a66b1000b777a1de4e315e63c4f25e261d943fe410d6077","extremos diarios",18961,0,0,0,0,0,0,3,832,0,0,0
"4b9193107ec808f85de58ea2195868ef754e333010080e54641c4d79ce4a6d6a","extremos diarios",1824,0,0,0,0,0,0,41,18011,0,0,0
"c7553f4008b06b709064afee127d9954e3077bc48560731f32f12d1523a6b456","extremos diarios",34752,0,0,0,0,0,0,9,2053.083,0,0,0
"713638a4931154082b15c169cf61e092d580fcea3fc1e72c05fa5120cf6f67a7","extremos diarios",23832,0,0,0,0,0,0,8,6895.13,0,0,0
"9faf84bf0f384072a7f74962b88b349e12fd54996b9bddbad06f98910ea7c952","extremos diarios",24864,0,0,0,0,0,0,5,1077.889,0,0,0
"3a88ba218097a25ba9411dd80453d09dbee1a1665f9bebcc20d5cc3ddb79491d","extremos diarios",23665,0,0,0,0,0,0,11,2413.983,0,0,0
"50adf015d991902026bf56a5c046e24b7e4ee0d599faa9430d042fdc25d755b2","extremos diarios",41497,0,0,0,0,0,0,1,493.761,0,0,0
"94adde82f4235c4f93bb0444d11a4fa6db2869089a02be473c9565ea89c273a0","extremos diarios",18192,0,0,0,0,0,0,1,201.07,0,0,0
"8b46bd49f6fc850ffec2ca72166c655d17e942013ad73dea7984f11977fb6c7e","extremos diarios",34728,0,0,0,0,0,0,1,295.449,0,0,0
"a35c4dd67108a7126a3e9cbe9d13813adc41471de035f57ac8f00a40bb56a1f5","extremos diarios",34752,0,0,0,0,0,0,488,139347.738,0,0,0
"ff87190eeb85ddbf16025d58b9fa55dd0cc1866ab467747bac53fbfc2ad4e20a","extremos diarios",34680,0,0,0,0,0,0,84,25118.142,0,0,0
"8c5a0153ec52d1aa48d03965b24df249de94d26ac44681c9dbc69bb3353831f2","extremos diarios",9336,0,0,0,0,0,0,64,17663.726,0,0,0
"ff3f097923ab08b23543da14dc84bfb348f2672bdaaf6b4bc7343d57a1a9dabd","extremos diarios",10248,0,0,0,0,0,0,129,33020.701,0,0,0
"2e7b248682481accb5bcbc29611df2840f5d2152318774682be111db2647bd11","extremos diarios",4727,0,0,0,0,0,0,95,21250.521,0,0,0
"29f5ccbc225795fc482022f0169ccab0178c8b894186d268e7a2ada2e6aaec76","extremos diarios",32761,0,0,0,0,0,0,133,29539.689,0,0,0
"e88f12346ae0f5ac458dd46f0c046fcb49a6b573bdc9e96b012a2b0da6937bbc","extremos diarios",46143,0,0,0,0,0,0,250,55028.443,0,0,0
"abdcaf7336c40aeb1fe26bd81474cfa1616527afa653ea33d57e7572c970af41","extremos diarios",2013,0,0,0,0,0,0,1,205,0,0,0
"66a929d499a285e3977c4d8b6f57e02aa47709e91f94968c1e02f76860717567","extremos diarios",1896,0,0,0,0,0,0,1,204,0,0,0
"fe157da4ec64156f2cdd7e165690b81bc4ae6199ec377c8090e189b5cf58033f","extremos diarios",21695,0,0,0,0,0,0,3,646.392,0,0,0
"f4621780ab31225bb711bc6456e0edfe659e98ed81e76178207169550c0fc83f","extremos diarios",26688,0,0,0,0,0,0,602,151582.124,0,0,0
"9f3d9da26d11f21179834bc66053cfe39ac7ee9b83a3420513a8f16797de7627","extremos diarios",34656,0,0,0,0,0,0,57,12367.961,0,0,0
"0c07c06bc37df8ceace545ff60fa6ccb75c98f2af321ad6145abd694d7b3d911","extremos diarios",34752,0,0,0,0,0,0,109,24088.87,0,0,0
"1a259e9b554172217dd7ffa490da5477acdd142760e9c59276c37fed9f50ba00","extremos diarios",53424,0,0,0,0,0,0,119,27170,0,0,0
"9a345e50bbb890f03b5b08e196c640a7ddbecdeedc2651f9f2b84a0e5fc0a9b4","extremos diarios",26592,0,0,0,0,0,0,3,601.387,0,0,0
"dd971be4b61e132d8c4c14e366ceb4a5db2ecb7aac25116de44d86ce6c15a1bb","extremos diarios",28464,0,0,0,0,0,0,765,186011.041,0,0,0
"e13ec52794aa5d9778d657afe45199a81057713dddab725393c97d93327f677a","extremos diarios",26328,0,0,0,0,0,0,468,105769.642,0,0,0
"9d06317214450ce8471d25db3e75ee1ff505958c6bb050fa2227a327e8a283ea","extremos diarios",18048,0,0,0,0,0,0,43,9704.984,0,0,0
"7eb84fea20fbaebef89b705f8c02c7fac69f9fccbe84fe8fd8e564b432730f3a","extremos diarios",1249,0,0,0,0,0,0,9,1915,0,0,0
"3f3845e7c2ad77568fe05e61743c443f4d2f147468b5962b417e096ba4fcd53c","extremos diarios",36456,0,0,0,0,0,0,571,183913.074,0,0,0
"946a83b9f339ce9c13e44d988216d9f7b4c0dc4909639c8593e89bfd8f8fb507","extremos diarios",20929,0,0,0,0,0,0,461,206487.622,0,0,0
"6bacdbf744ba9619d332f86f9a849aa279b37fd5528056e46bec82aaad3ebcaa","extremos diarios",17328,0,0,0,0,0,0,20,4867,0,0,0
"cee7efc5cc3c871954fe0351bfaeda6e164ff8bc8d9def788cfb5bcef7d3d5f1","extremos diarios",8472,0,0,0,0,0,0,3,603.72,0,0,0
"393eef8f6930e8fad3d7c46da68ee31ec56a33f3efd4efb3f4f925f319d31eba","extremos diarios",11857,0,0,0,0,0,0,1,226.488,0,0,0
"52d2c141694b5851beb4729b16e29ea9ff755ce5905c70cf3dfa622899227c87","extremos diarios",27312,0,0,0,0,0,0,8,1725.473,0,0,0
"5997fc3c7ffa16b31e3cb1a24ac5e6e3bb87e5dbf86989a6ab25c0accecbbb0e","extremos diarios",34128,0,0,0,0,0,0,730,237439.4759,0,0,0
"a2e42f1ed527a449abf8246a8489be44561f70b112a75a54d6c9af2dd894aac8","extremos diarios",28633,0,0,0,0,0,0,6,1295.593,0,0,0
"5d11c9e8d4aba170fe0f13a1149987c10463fbd319776bb05d0a4f8aa37833b3","extremos diarios",34752,0,0,0,0,0,0,55,12150.747,0,0,0
"ed7c488e31e2eea73580b2bc2060d48087d1b15f404c6bd779c0037774fd2746","extremos diarios",34752,0,0,0,0,0,0,1444,464003.7988,0,0,0
"1fafcff8fe9f029228323dbfe617756ee46b06d784139090f51fb81e36f1cd64","extremos diarios",58321,0,0,0,0,0,0,3,631.94,0,0,0
"f83bd38efe7a916c8771b175b5b52fba2a90a34683474c13cce0726a7fa9fa9a","extremos diarios",34752,0,0,0,0,0,0,3,614.442,0,0,0
"cd9a064580eebdc602adc34af9f2a493b828658c5bffa130c94b37b761e76000","extremos diarios",1944,0,0,0,0,0,0,8,1845.615,0,0,0
"a03be9229b172532d97bc9f8fbb76e460d6462f873ecd77afb87e8565638b823","extremos diarios",29257,0,0,0,0,0,0,8,1862.321,0,0,0
"0b5bf5708e24eab966b55cc4763964c14ba94f70f76c6860e687c919786100fe","extremos diarios",34680,0,0,0,0,0,0,36,8472.561,0,0,0
"1a07601f93168edff96c638acb18d794bcfd177b6604930300c16cedce1b3470","extremos diarios",25080,0,0,0,0,0,0,3,653.544,0,0,0
"0192e08c58f6c17e61fbfc3d33869353e4b45d5b2fde3728e9b0f9193d229565","extremos diarios",4417,0,0,0,0,0,0,156,37139.784,0,0,0
"0e73cf9ed9a10d4284d38a469c4f2e2bea70804a62eaaca4c87174a15784dab8","extremos diarios",34752,0,0,0,0,0,0,94,20038.158,0,0,0
"b75426956813d6765997b278daf84febab551afad40d8d57a4a449d28d5df505","extremos diarios",58321,0,0,0,0,0,0,1,240.698,0,0,0
"e7eab6ac248358f40410dead03df85088868e039a824bea2a0a733b25bb53a1f","extremos diarios",28007,0,0,0,0,0,0,846,189917.953,0,0,0
"659dc69958f70f7e384a48837c0d99ff974ea2331147110bc2f47ac61920d254","extremos diarios",27312,0,0,0,0,0,0,291,68873.597,0,0,0
"d833d2eafae193322cf8ecb46da00c295d56dfd8298030de1291f0892ce96af3","extremos diarios",15937,0,0,0,0,0,0,571,312993.8662,0,0,0
"8fe3d750b9b122a7ee5a8c0a64296a5e147cb3cef3b67b05742b62d59790482b","extremos diarios",34680,0,0,0,0,0,0,624,229183.027,0,0,0
"0a31f3d332d640c414c2f73a30d1f1f2d55ea7822868e2febd9b973e85fdfd28","extremos diarios",31585,0,0,0,0,0,0,2,421.833,0,0,0
"6738f28567d567c08024c5bf565aac7f44e0d7ce92f8234e5e0fa74ab7a618af","extremos diarios",34752,0,0,0,0,0,0,12,2966.216,0,0,0
"9fc15c7c58b697b7416073e5fdf39d8b6136dbdb5a3f21a7e40f9d976b4a528b","extremos diarios",35112,0,0,0,0,0,0,449,119847.608,0,0,0
"67993bb8f4d2bc8af8f8a6738e5f34264637bf38bbce8d63c3dea80acfe9eee4","extremos diarios",34680,0,0,0,0,0,0,294,64482.25,0,0,0
"19fc2f6b7cf3724c47b3e482b0571f9bc746fd1a69536fdf81088e182da7729b","extremos diarios",49705,0,0,0,0,0,0,46,10500.086,0,0,0
"b9c9da7e7c03c3cc11eabda142189ee88693324182787d81329966fe705baec8","extremos diarios",34008,0,0,0,0,0,0,84,19405.051,0,0,0
"5f8587a3322570fb2f0d4f382be3ebd80b09a654fdb779aa46782644045ec8d3","extremos diarios",35472,0,0,0,0,0,0,991,313796.062,0,0,0
"0959e4338a904365816895151551702ab0ca5fcc8f748a1a22ae72a27753be68","extremos diarios",26400,0,0,0,0,0,0,101,21765.457,0,0,0
"2dd2743597afcb383c0583a6c5bb630130e1773c6b3816a761b7d6430e2ab1fd","extremos diarios",53602,0,0,0,0,0,0,824,313739.285,0,0,0
"b31b0a1e26df4fe1e7a6fba630409130199543a39c494ddb3698ab0da5661a71","extremos diarios",27106,0,0,0,0,0,0,298,67471.7861,0,0,0
"717aa037d89c817153fe8bf40ad33cc3cb3e0c6361763278014bbd78be545154","extremos diarios",18984,0,0,0,0,0,0,69,15569.834,0,0,0
"d13935b0c7291a50df33b6e5546cee92a1db96037b666f12cfc5c246d2ad1535","extremos diarios",53557,0,0,0,0,0,0,1182,643259.0241,0,0,0
"b12b3a506977990407e9a1ee87d36164f0e889cb87a5308cc6000830bf72453c","extremos diarios",26328,0,0,0,0,0,0,425,97900.5721,0,0,0
"ace4f4e3fe325f1cd90266755f8b2878eae66fc719a4d20ec1ce8438fa6ebf81","extremos diarios",34752,0,0,0,0,0,0,108,25450.733,0,0,0
"9bc983876d04557ade4fcfc83938080a75abf14134e19e58f83c7c7445ff1f05","extremos diarios",17376,0,0,0,0,0,0,465,205689.211,0,0,0
"73a73fd86e8a489c414c0d9f6b71facfe0f21c026b294fafd68e89a6a9f5ebcc","extremos diarios",31249,0,0,0,0,0,0,16,3304.623,0,0,0
"aa208f0b65a6788b0e46362b618ce295fccf745329ef884588e330c69c49d5c0","extremos diarios",54109,0,0,0,0,0,0,76,18480.613,0,0,0
"2d4840ec9eb972d0004c07405ebde06261f3f99c1f0c2eda538ecfc9ce9940f8","extremos diarios",35592,0,0,0,0,0,0,120,27010.944,0,0,0
"2f3d599de540705dee9d9fa897656fed7d13b32396dc4142a6acac26fab43bcc","extremos diarios",35688,0,0,0,0,0,0,1,267.966,0,0,0
"a4cc379c8cba005319e44946c03086d27d24b1f7d9299b34c4dc7856737c185b","extremos diarios",34823,0,0,0,0,0,0,148,57539,0,0,0
"6e7e5c1cf778f3bb7a3576fc4f3e8017abd780458a8beb942693c7fc35833d7f","extremos diarios",34728,0,0,0,0,0,0,117,24219.715,0,0,0
"f7866c109f0ee3b87b50de7c462d84164fe2281ffde22875a60cd28aaceeb3dd","extremos diarios",27288,0,0,0,0,0,0,2,437,0,0,0
"e0fbfa3328f0d0c14550971341558ba2ce8471529080ce73c5c5471fb81cdd97","extremos diarios",5521,0,0,0,0,0,0,53,18501.81,0,0,0
"bad9af3852e443cc4314a44f01a9c40e318523ff3712c1a2f61c09b85aa9be12","extremos diarios",34752,0,0,0,0,0,0,510,123340.036,0,0,0
"33c9473693e28f773b1147d7e6bcd9c2ddf5316e1f9c0e61519c425ec7a2d3d8","extremos diarios",31753,0,0,0,0,0,0,10,3553.863,0,0,0
"c5774b2c9c52917ecd4a05487850c9c68febf1c07d03b43cebfbeefe1adc06a0","extremos diarios",34680,0,0,0,0,0,0,2,413.121,0,0,0
"832e33c06d1e2a5387d69ae333aab274c0d7a05f0b26cc9ef885ca3b8cbf0de4","extremos diarios",7367,0,0,0,0,0,0,24,5060.623,0,0,0
"70919b7e39b1f42a327b656e6df8a9b804e4c2857c24aacc90da5aa556dc17f8","extremos diarios",2617,0,0,0,0,0,0,9,1948.375,0,0,0
"5ceb9f102c142a075546e1baea15f07f4d617793501fa9e02c0a261e557336fd","extremos diarios",9936,0,0,0,0,0,0,374,101613,0,0,0
"18e8936fad0a2277d29db9a5f52e2b19fd4f38a6243279778c17747bfeb411b1","extremos diarios",51840,0,0,0,0,0,0,3,764.976,0,0,0
"7a82553b960a884dbb61deec5e5a5817b7627be6481cefff8f9cf115976b0823","extremos diarios",28633,0,0,0,0,0,0,235,53767.298,0,0,0
"ba3730e6c4defc9fdd11208a528457fd90a330d49001251cf1a939dc7e847063","extremos diarios",49400,0,0,0,0,0,0,444,95716.108,0,0,0
"279f255d60ddaad0549a09a635ed7d125c0cd6e9fa563eee1660c7b0334e67c9","extremos diarios",34728,0,0,0,0,0,0,11,2499.503,0,0,0
"55b368cff49e14df933700b2a325635225f8324fac932977efc8cb265a3a0a3b","extremos diarios",24192,0,0,0,0,0,0,141,43558.3013,0,0,0
"c3032c7bbfbbce63934c64aa56f8d73d07daf3ed284d9d9446b1b63867d7ba3f","extremos diarios",33481,0,0,0,0,0,0,33,7895.906,0,0,0
"253f29d0f883d98daa585118358f38854bd5de63030812381c340b56ec6abf63","extremos diarios",26208,0,0,0,0,0,0,3,674.189,0,0,0
"fbdc889f05759353fdf6eb36933507fc113048bb8847edf9f72568715f4fe0cb","extremos diarios",28633,0,0,0,0,0,0,530,139447.083,0,0,0
"84c04c5ff130b1b486dbfe8ffed7a6c236deadd473271872f872d95d4942f529","extremos diarios",34824,0,0,0,0,0,0,10,2360.688,0,0,0
"c6e430a0c7db13334062143b1121ac7060285a64510dee538fcbcea0110c340b","extremos diarios",17126,0,0,0,0,0,0,6,1260.933,0,0,0
"bfb870fd9c3d58c261ba8cb95a5b5f1188421e1215edad9c1748147b3ff4827f","extremos diarios",34752,0,0,0,0,0,0,6,1444.765,0,0,0
"16eb5993c475ea1b5c391aebae085265d1e79c93d591d7b1d1d9ea4147dc5b2c","extremos diarios",7848,0,0,0,0,0,0,20,4103.258,0,0,0
"bb0b485843aa06b16d4ec4564e5b65d76f5e4b00c74ce1ce4ab88967e3a4225e","extremos diarios",2088,0,0,0,0,0,0,1,213.139,0,0,0
"460b58e4b7acc888a0f0c19078d80d9edf202d6346bcb726e53800014e041ff8","extremos diarios",58321,0,0,0,0,0,0,5,1070.917,0,0,0
"465a856b4ab8591bc82827c2a924b6785061c08d92a093da2989a1c5e9e1249b","extremos diarios",47209,0,0,0,0,0,0,15,3175.473,0,0,0
"373d101dfd30f1252d0bd89fd1da4da11fc2b393e6dc399782ae07111f41da6d","extremos diarios",31393,0,0,0,0,0,0,586,191745.443,0,0,0
"7ad376f2dd61eebcad503de74bc9fc2b82bb2db5a684774f441216c97a5dc3d6","extremos diarios",34752,0,0,0,0,0,0,244,55928.573,0,0,0
"04be9bc47e207f294b89212e8b7182a8deb30826698391c4ff5a0a2d1221aef4","extremos diarios",34512,0,0,0,0,0,0,666,265463.328,0,0,0
"d068fff1a44b36d3d013482193fe673ff901b03e4292cd1742ef0be05ccde33e","extremos diarios",58321,0,0,0,0,0,0,91,18616.776,0,0,0
"ffe04f23fc27bc66bc2ec77181420f7c3ece88d5802fb80c0d6bc7660c5b4965","extremos diarios",21023,0,0,0,0,0,0,869,648600.9616,0,0,0
"90c78ed99e46dae0e765848e749eb600d3acd4786dffcc70a0fe5b91934732ac","extremos diarios",24864,0,0,0,0,0,0,1,211.785,0,0,0
"675e6f001d203ad33f9fbf6da9ea169e8753f3dae36bf2526f8de74b7fda17df","extremos diarios",16033,0,0,0,0,0,0,24,5035.315,0,0,0
"57f57206af1fd081bb3680ae02d734cd459ad69f46e07da268560beb016ea972","extremos diarios",5161,0,0,0,0,0,0,1,209,0,0,0
"cfe85422587c9f2a2d85bdfbefb7d59fb738f1ae432d90d164f80e513fa4e788","extremos diarios",28895,0,0,0,0,0,0,3,662.042,0,0,0
"d85620453a2c0deac3209fa70232c43d09f8cf2b2d2faf2c5034586ed0909869","extremos diarios",16176,0,0,0,0,0,0,1,202.779,0,0,0
"2e2b007eb4939d818eb16718f5ff8cabca436bee07b3a16c3c36232c442038f1","extremos diarios",58321,0,0,0,0,0,0,6,1266.277,0,0,0
"94aff66c90871aa8a0c1a986a96cc3c4eaf778f44ccded6cd8884b68b9386bdb","extremos diarios",21695,0,0,0,0,0,0,15,3740.91,0,0,0
"9805a519ea18ea2762eee1a40686e0716d7ba78a987bf9f0fcddf80de6906549","extremos diarios",34752,0,0,0,0,0,0,88,20006.108,0,0,0
"73e43aaceae959908b4f6dbbe74f48c6b1ef8372b2825104b3af6e1c550b1810","extremos diarios",34776,0,0,0,0,0,0,607,174592.6199,0,0,0
"f90a3cba9453cc040cdda0ebfb45e154859d2a3eb20d9a5a87ccf6aed9a53d08","extremos diarios",14760,0,0,0,0,0,0,7,1448.349,0,0,0
"318034c18a1ff8396d4d509d19ff69bb05ecfab2ada382571026994e9c4c10b4","extremos diarios",45696,0,0,0,0,0,0,523,187596.094,0,0,0
"7f7c191abeac4bb5248fd47eeb72c76d086d8c3843ff01699c4416d8a22b8b86","extremos diarios",34680,0,0,0,0,0,0,21,4879.613,0,0,0
"da1ce2ac0cee79e48dc8329de59daa3b63c54a17f053ec34ca70ca767495b493","extremos diarios",21496,0,0,0,0,0,0,11,3033.8,0,0,0
"b6bf2adc97b258ed128d4e6f311f3f81228ba9076feba81deb08ebc9ea0d0f20","extremos diarios",34752,0,0,0,0,0,0,118,25328.691,0,0,0
"c8800f38592750613d70dcfaf7e46e95a82bdee63ccd060b0a7ed8792fa6e409","extremos diarios",58297,0,0,0,0,0,0,263,73752.106,0,0,0
"278391f256f0961d254fcdd622c38b950f3a0a8fe1e8b852d4ebe4b3de5ee22b","extremos diarios",43704,0,0,0,0,0,0,1,210.399,0,0,0
"452a31720ec7766c33546d85d99a2ee6c81c4c855b42e9e8a89f173d91e6290e","extremos diarios",7992,0,0,0,0,0,0,2,421.202,0,0,0
"c3be942120bf7784e47ad79f884ac88ccbf25240c08667cae224e18c11d2f8fb","extremos diarios",28561,0,0,0,0,0,0,577,200897.8609,0,0,0
"bc3292a3222b9aff3b20ac3385d7c5290e46c6624936c86eb36147bc054f08b4","extremos diarios",34752,0,0,0,0,0,0,8,1777.044,0,0,0
"fcd18802933b582955578a9cb67e52f58aab117dbdbfe6fa8f0b8c48f2dac7da","extremos diarios",34752,0,0,0,0,0,0,8,1697.045,0,0,0
"7e0ecf1113f3b922bf61dab82c501b3490a78d988630e8edf7e8a9a0571147e7","extremos diarios",34752,0,0,0,0,0,0,4,971.473,0,0,0
"027c12654c911b35576b75176bc47a34ff3d0b9a8600449f0779f3c1caf9aed9","extremos diarios",31057,0,0,0,0,0,0,283,60612.244,0,0,0
"a64fa1a642d334116d2aff882c6d56e1cce143f659d171c88634e2d2ff28d0c8","extremos diarios",34200,0,0,0,0,0,0,1425,984525.586,0,0,0
"868dcd677b6e59992ad44f591028b360392df395a1ba2dcfebf1ac9ec3ed8959","extremos diarios",34752,0,0,0,0,0,0,2,447.358,0,0,0
"8db9dce760a3a90afc0cb51eae0eb8d0f165eefd80e314eb8e3dda913b5b3ccf","extremos diarios",8952,0,0,0,0,0,0,44,9704.684,0,0,0
"3897fbcafd8cc780b80d8ae3fe5ac91a5b8938115aac61f082ed89ecd74cc718","extremos diarios",2495,0,0,0,0,0,0,55,13994.67,0,0,0
"16158ddb9ce431b06be255eb069a5f997ee9a927fdef619db31cdcff69c26cd8","extremos diarios",32736,0,0,0,0,0,0,569,168289.485,0,0,0
"900e3cf07e234f38c28e647caa7beb21ca7e84045545e23a01a347253708f0d2","extremos diarios",34752,0,0,0,0,0,0,990,294911.183,0,0,0
"ae0e413289b66cd9f1d4e1b3f5054bb0262372205fd673a3ded1d3e262993aa7","extremos diarios",34752,0,0,0,0,0,0,291,78601.712,0,0,0
"f82b5a618df271af976984b80caa97833ef5c65ec66390551e177bcf065c775b","extremos diarios",3169,0,0,0,0,0,0,16,5463.879,0,0,0
"85889d3ece61ed5d61cac6d0f49b8501d64eb4458f57d8c636d2a4c21f43c3f9","extremos diarios",27197,0,0,0,0,0,0,1133,393396.7299,0,0,0
"91c6bd69d8516e9cc8cbc01ae576a957715f948868b839d2e0458ecd8e8247e0","extremos diarios",31249,0,0,0,0,0,0,10,2592.862,0,0,0
"18e9960a7f8b0842bbe89dd962912002a0a3f79d9dbbace97bd0fc9b4d79eadf","extremos diarios",19560,0,0,0,0,0,0,815,507765,0,0,0
"8f723d613b2df8be1fe9743d18d2c94fe481c2c8f09f732275d5d02a0966ace2","extremos diarios",34752,0,0,0,0,0,0,153,39884.14,0,0,0
"2d6c5e1094df8987e70fa54ecb1777500ad5c5a4d53e72d2bb2b1abe880659f3","extremos diarios",34752,0,0,0,0,0,0,392,92265.402,0,0,0
"6f75ffd2ea39dfe2a623e73e9b59d818eff9ea070c473a1f010e30f73ddea998","extremos diarios",32785,0,0,0,0,0,0,3,626.276,0,0,0
"0b23da3de0c923cdf00b41c146482c45fff0f92b767b1242837cc3241d9eef38","extremos diarios",32352,0,0,0,0,0,0,1339,421735.212,0,0,0
"d563c3f2a6fa2e9148c8f62335eb205d6dbf05851dc341f7678735e846a19081","extremos diarios",34752,0,0,0,0,0,0,5,1111.775,0,0,0
"e071ac0732664381e236fb660361d667d467dc7896d42e9e589b6a72a05f642a","extremos diarios",46201,0,0,0,0,0,0,15,4100.478,0,0,0
"aa5788027c034440a041f1d67898fef14e0404e0becc3ad20b2ac242ee7e21aa","extremos diarios",58345,0,0,0,0,0,0,3,1622.403,0,0,0
"65a3602bd9a6efbb1a92882b0d353e8d3aa7665be94393a48abc2d12c1dbdcec","extremos diarios",32761,0,0,0,0,0,0,42,10000.998,0,0,0
"74941630be7efd9ede789279109694c1a60538a47ad4153fa8f314a0c0182362","extremos diarios",34800,0,0,0,0,0,0,341,101033.734,0,0,0
"7e2ab266990d00887717765eb8337657c74c8777258111af87dc4c11958b3915","extremos diarios",27876,0,0,0,0,0,0,657,381687.236,0,0,0
"e2732413538bc32b964d94de07cf7da2af2f649b3dbecead2078e5623a46da4c","extremos diarios",15601,0,0,0,0,0,0,100,28383,0,0,0
"0864d0cc5bde6bac559e0583a1d2d812f83ae65cef95cc3c7e5d39f0a91681d5","extremos diarios",50737,0,0,0,0,0,0,405,119764.986,0,0,0
"c1bc9ba2add5e9ff7f9fa9479cd36284838bf3d99c69b73c031052d075cccdae","extremos diarios",3409,0,0,0,0,0,0,66,43007,0,0,0
"359af524c4683fc82a36edccfbf8d2cd99fbecab944871d8e67ed38d4bbf5d90","extremos diarios",15937,0,0,0,0,0,0,534,393127.5128,0,0,0
"afbda9612a985b3fee6221f103be73d4b1d3678531177d620b118599ca4e3290","extremos diarios",29425,0,0,0,0,0,0,1010,454192.445,0,0,0
"d601c23dad9d1e07f1b7a0139ba1dde2ea6208039a39209e346b378e0ec28f7c","extremos diarios",5904,0,0,0,0,0,0,31,7704.672,0,0,0
"a4c9d41a664c114f0e39b967bd482786291dfddee9f05d661c8760d0045a53f4","extremos diarios",21647,0,0,0,0,0,0,170,39663.347,0,0,0
"9c60ebee7b8d3aa8660cba808038c0c525578e884e197bc2ab180d4bbc830b31","extremos diarios",34752,0,0,0,0,0,0,36,10912.028,0,0,0
"6222b50ddeabe9c27b956f1ab8e06f375ea5589eb7a74d8756f08d66c7cea954","extremos diarios",2737,0,0,0,0,0,0,8,1733,0,0,0
"18f5ec348b69cdf4d5df4d0f35b0affe8ff0d0642bd61aca948e23132e15fd2e","extremos diarios",10681,0,0,0,0,0,0,445,434681.5068,0,0,0
"987cef425deedab412c095298ad6b6f9a07552827fe294a20e8797f80de8e414","extremos diarios",34752,0,0,0,0,0,0,1,211.615,0,0,0
"6032ebb87d23a72d47ea0729ac5058387fa4b98c0f1cad11bed129f5876edaea","extremos diarios",15601,0,0,0,0,0,0,645,290874.6161,0,0,0
"a118e02982306fa926a940737b1a71adbd2417a431bbf98edd82379bf7a85c70","extremos diarios",13801,0,0,0,0,0,0,3,655.651,0,0,0
"d21d320f148d43e91b931af8df78386e63a8cbf020cb899cd9b1e36f9e919c19","extremos diarios",27048,0,0,0,0,0,0,1,240.342,0,0,0
"2e4b65a31aaffc506d8d0fcfc6f594f4647196ff836eee4c26061f757fedf375","extremos diarios",16608,0,0,0,0,0,0,4,885.359,0,0,0
"f938323cfef9659cdc9a2e8a98ef5c8e3398feb11b5aebd43fc54c2384184297","extremos diarios",5161,0,0,0,0,0,0,2,417.467,0,0,0
"8571188c9c944f28b2cff9c12ea675569239bae641c1f42ccc283477252a160c","extremos diarios",32761,0,0,0,0,0,0,617,193752.674,0,0,0
"b52d3ff8e50e59b94a224394d86c7953d9d8e5e5f489583f82b2de5b908e73b5","extremos diarios",1249,0,0,0,0,0,0,1,221,0,0,0
"c887819e9fc8bccde80600907af66e64c24834ebde8f20f0ebe0eb629e79777a","extremos diarios",11233,0,0,0,0,0,0,5,1063.366,0,0,0
"d4efefdfc5f965216005415395a90714d6c6b86403af2d2c7eb1a94944be2d24","extremos diarios",34800,0,0,0,0,0,0,90,19180.891,0,0,0
"e404e8e82b0073a7946f098f860c69c71f9ebfea2455e8ac82ea3ee2b259a051","extremos diarios",18111,0,0,0,0,0,0,225,101314.2362,0,0,0
"022641fba7ec8cdd24dba307e4132640d4be8402ba1b22f344bc2b92281bbf83","extremos diarios",35448,0,0,0,0,0,0,634,146298.1957,0,0,0
"4560a85fdc2602084745251b0fd12b208ec6d2d8bda46b05ef29bb98a7bb5479","extremos diarios",11449,0,0,0,0,0,0,394,112251.235,0,0,0
"df138a0293e113da842b7ba8bbc1820feef3cfd9560f03938797d8ef29ae9e17","extremos diarios",22681,0,0,0,0,0,0,682,198181,0,0,0
"2ef38cf64124d729f8debb313bbddeade9e5e70154747449bb8fce7f0400087d","extremos diarios",34752,0,0,0,0,0,0,36,7676.104,0,0,0
"a7d18cbdc3b302bf9ce0a23b394f2f562538b7ddcc0d53d3772c414774f93884","extremos diarios",31321,0,0,0,0,0,0,603,207308.299,0,0,0
"456575a7a8c85c59f0aedc8076a8dc665354c45b2a9f666814df745654ae5a3f","extremos diarios",10943,0,0,0,0,0,0,437,169377.8589,0,0,0
"6370dff0a6c4e976547e03a30a7b9cf63fbe03e82343f456551329bc7109ea63","extremos diarios",5233,0,0,0,0,0,0,1,218.052,0,0,0
"536048f9d65563101e737cb4d317018b95f8062e8253795a3e335e301c8a10e9","extremos diarios",34752,0,0,0,0,0,0,789,182064.299,0,0,0
"fc84ae4241458dfbf37549daada0c03a9e6229d80e8223a816dd3ff4602baeb1","extremos diarios",34752,0,0,0,0,0,0,12,2718.133,0,0,0
"784fbf3e0dd79f737281d9f18187283ee258ff78a4e7527b1d92aff353186835","extremos diarios",44232,0,0,0,0,0,0,38,17718,0,0,0
"f7b9e273447571246b3332d5c67e241bb199919cebdc780e06723c0cf9c19a39","extremos diarios",34320,0,0,0,0,0,0,115,28804.104,0,0,0
"cb9e15ae0541d9047054706df281785aad8554ac9697e3e5a15d1b0a57c7bf0c","extremos diarios",32505,0,0,0,0,0,0,2,1669.74,0,0,0
"579e6fbcb14310535761f2ea92b0d6edf470ecb3e75e7011f073bac35f1ad0d6","extremos diarios",34752,0,0,0,0,0,0,1,227.34,0,0,0
"dbe51f86d588f7709b8efb5d8f89c28f1f0a3bb5a2575da5c80453ec545d3bad","extremos diarios",29089,0,0,0,0,0,0,4,813.974,0,0,0
"6449e8b384939ecbca1f73a6aa4d5a029fe8e40b59c7c222bdde0ac8fcd045ff","extremos diarios",34200,0,0,0,0,0,0,572,132315.274,0,0,0
"54ccd4a9a13d64794edc2bae4d6864186a788fdcc4f08f52d1c7d0ed0c89e18d","extremos diarios",29089,0,0,0,0,0,0,95,19538.007,0,0,0
"602a64911990e1ed84dc2201b7a43b57e9b75236b72480527cc6db56595cffce","extremos diarios",2833,0,0,0,0,0,0,117,32627.521,0,0,0
"500cbb4cf6958e74a624f58cd1122bb4f66c284bedb6e3d72c21dcb64bc641f6","extremos diarios",34752,0,0,0,0,0,0,331,85443.045,0,0,0
"0d8cf6fb4778d00316e49392bc143c44043487c46daa3eb531cf7b7fbe3475e1","extremos diarios",28945,0,0,0,0,0,0,84,18781.726,0,0,0
"fd482c20dbaab7f888d7c185c553b47c8e9c4dadcadce91ef6430067c9d8f22c","extremos diarios",10319,0,0,0,0,0,0,39,7925.41,0,0,0
"c43a15ddc1ab09170d6541b0916faf67e21ab57dded7a86572d7dff46800584f","extremos diarios",9336,0,0,0,0,0,0,56,12334.027,0,0,0
"fa772859d94dd085189ccada225870e826009afc01e3bd2c561b892d14bab2bc","extremos diarios",45168,0,0,0,0,0,0,3,761.937,0,0,0
"5e27ec338426c89f17fe1cdee512ebdd9aff7eed5e9ded4ad537d2bc3f6829c6","extremos diarios",26232,0,0,0,0,0,0,577,295138.872,0,0,0
"2d8be50bc9508ee256bc5c9e6eca97c3facfd499be9813b8721a037a807c551e","extremos diarios",34752,0,0,0,0,0,0,97,26223.508,0,0,0
"767b1968446a7cd66b7e33682406757fc81fd93f0fe08576997e7b2d9e2a0426","extremos diarios",22727,0,0,0,0,0,0,524,124139.63,0,0,0
"42a8683d3e2368eafa2979efa16f839ce6734873c65f507e497dd285272f843f","extremos diarios",14761,0,0,0,0,0,0,2,476.358,0,0,0
"769023d4bb4be6db42debe14dcd1b316015422f5efa570c466c678488e40e5dd","extremos diarios",53219,0,0,0,0,0,0,1229,335536.259,0,0,0
"93c52890bd59cb2075a53162a29d0838dc50b7bd1a06498e3ee2fd0ff01594dc","extremos diarios",3409,0,0,0,0,0,0,29,7293,0,0,0
"5822fe953e41b8ad3b572651386f1e7d334399899bb7da2c3bef950df31b5f82","extremos diarios",1200,0,0,0,0,0,0,5,1475.155,0,0,0
"c1f471f99852ef6a907d4f3738a4701ca44f4e11afb876cc2edd59490933725d","extremos diarios",34680,0,0,0,0,0,0,1,253.882,0,0,0
"4afa090bf2e671b761893466863ccdfd406bcdc761d23f8ef0bc633ac02d7ceb","extremos diarios",26328,0,0,0,0,0,0,103,21719.622,0,0,0
"f1e01af763607e28032c9f36d51f1df9d5817111a30ec5bdbee3cecebfcb3f75","extremos diarios",52416,0,0,0,0,0,0,1574,471616.676,0,0,0
"8d51ae81c7a2b3b3ece95c753a80b0b3b375db4573ab566fc0c4e223d8c1420f","extremos diarios",27600,0,0,0,0,0,0,27,6477.005,0,0,0
"abbff8c44b0973487ce64b85620cdb9d90ed0b2d0d5981b3ebddc657587f4cdd","extremos diarios",36120,0,0,0,0,0,0,188,42504.16,0,0,0
"014de2bd7d2e1d224db80c517af24b04bf0fdc293900108544575c92198d4d32","extremos diarios",34752,0,0,0,0,0,0,132,28494.567,0,0,0
"babd24513ed1f678904fc9facac538fefcfb4f4ea83681a738824b6c32a148dc","extremos diarios",12864,0,0,0,0,0,0,5,1066.081,0,0,0
"441c77c352761aa24a74880aecc1bc76d1e1e8af9e295f50934c88547f8ded58","extremos diarios",34200,0,0,0,0,0,0,352,82405.461,0,0,0
"4d3739e0f256d3e8228048bd02e5163c4d9fc3d5a6561bbe50bc9916f6b5638a","extremos diarios",31993,0,0,0,0,0,0,4,846.85,0,0,0
"bbeef7cb927148a18da2b6391c72060347617af68063506243f862e56070f87a","extremos diarios",28188,0,0,0,0,0,0,956,341452.768,0,0,0
"7e20974197aaad4445379e121b6d9e80525a6e6f20da2c2f65bb148b8ec08a0b","extremos diarios",51456,0,0,0,0,0,0,305,88423.975,0,0,0
"275cc9957a9dba6f4798628e9e1fba5f6362839a0823d3f5e485e67be18aead6","extremos diarios",41665,0,0,0,0,0,0,929,224835.723,0,0,0
"14f50dbc65a4f54032e06743a71caf21ba94810f00d4933735b7f2a1ee431cbd","extremos diarios",18552,0,0,0,0,0,0,7,1531.428,0,0,0
"1b44b19ca0d2338542d52d0b3a4f3b67dd20e6e8847c25ae5c68e877c69cab37","extremos diarios",34752,0,0,0,0,0,0,69,19343.695,0,0,0
"3318eaab226a9c04fb39f68f1ee9052b13fdab767b7413a11a17fbc7e685f094","extremos diarios",34680,0,0,0,0,0,0,802,199318.8841,0,0,0
"91e9608107f606673b8da617267f70ac25df4c0d41e862a1fef104e7e491be8b","extremos diarios",34752,0,0,0,0,0,0,1435,479478.3161,0,0,0
"24cb1703259f67a1713cd2d418a7f331c6976ba5d09bee4eb67e756e54437844","extremos diarios",20161,0,0,0,0,0,0,2,433,0,0,0
"1763fce044b718ba17a2c639e0ea03d3ba29fb4c1cddc66d6b50d99e9e6e68db","extremos diarios",18815,0,0,0,0,0,0,394,132607.286,0,0,0
"70a4ede4e48d1f231662f7757b142a9c40bf66cdb562f96287af7140b554811b","extremos diarios",54108,0,0,0,0,0,0,222,49405.367,0,0,0
"2b7f10e54470b25ffb8441ba69e31c9c2977a67df10bed9e59e7678f509a7a8e","extremos diarios",51264,0,0,0,0,0,0,2,458.002,0,0,0
"7136e197445d108dff2f9b206d42a051d79796bb90526a4e4b528392ad72f3a8","extremos diarios",14425,0,0,0,0,0,0,425,136150.469,0,0,0
"62feb99c51f786956c109d072381bc190265dca413720a68627ed4cafe32ff31","extremos diarios",19848,0,0,0,0,0,0,8,1799.691,0,0,0
"3cda2c16207148889298e718c2f31c5c5e622597627f8f9950b53fcd3c76d243","extremos diarios",29977,0,0,0,0,0,0,429,93133.001,0,0,0
"8af998092005b3a1d056aa3780bd1a8fb30fefe928dd96092a606fc8f435449d","extremos diarios",15145,0,0,0,0,0,0,7,1837.764,0,0,0
"dfee32cef7be6e1e84e23b37e7ce9287136c1230b3b64cbc43c662f8c5eec637","extremos diarios",35448,0,0,0,0,0,0,302,63897.928,0,0,0
"56a856f3ee7ec908af6cef6c735512879ec9dd56a9d7a749ed58d51dc21d0a26","extremos diarios",34728,0,0,0,0,0,0,22,5066.33,0,0,0
"cd257c67ea1e8d479e84ba6a96c74a0002706e9f51e03a4ddf118bb7aea88361","extremos diarios",34752,0,0,0,0,0,0,1,323.91,0,0,0
"b0b530d09208b9257b10a7b60e586fabec918d803b0927a808dbca48b88995f1","extremos diarios",22465,0,0,0,0,0,0,12,2719.306,0,0,0
"6c7a7382a760d7c75f3e74de06b63b59206e0e3c1b89575144fa8279f5b3f18d","extremos diarios",26232,0,0,0,0,0,0,815,283929.909,0,0,0
"245846da80b1d7145519a8e2eb5227eb7b9d35782738125f10f971c579a6a521","extremos diarios",32977,0,0,0,0,0,0,252,54257.039,0,0,0
"e344b271602373bca4d660a543d6929ae9987fe52f72213ba4929db0a27172c8","extremos diarios",29785,0,0,0,0,0,0,140,33881.379,0,0,0
"99f259cff7586801f7b24de34b14fc4a2e0d83b802d966bf2a7673913eef3997","extremos diarios",20977,0,0,0,0,0,0,42,9450.939,0,0,0
"6b9cd3eb6e1744051021d12d3f4370bd0a499c78d79cb459effee7b5564d42a3","extremos diarios",29089,0,0,0,0,0,0,3,605.29,0,0,0
"8f47949cde29d8d4bbc3bf23d8e0d56689d688820e89bb5a9da2f7cd42e2d950","extremos diarios",34680,0,0,0,0,0,0,43,10754.349,0,0,0
"6ca58121bbc0b8bc8417e611f48a0d691fdd5fa08bb3e96efae9cda1b4f54b0f","extremos diarios",9696,0,0,0,0,0,0,404,194930.986,0,0,0
"67b0ca2f4e1cd20b04b5a8be114fbe5af3ef36596f1e1b39666c0f0b2ab93916","extremos diarios",5353,0,0,0,0,0,0,10,2197.397,0,0,0
"3453a7a4ed46e6aa6f9b3379188155559c128b269e0eed3fcc686daf0571ca1a","extremos diarios",21913,0,0,0,0,0,0,20,5257.372,0,0,0
"18f2d3b82d613126c556df884493543029b23506220fdeee67181ee99bb6a65f","extremos diarios",17424,0,0,0,0,0,0,2,406.746,0,0,0
"fe20b907d0fb49c3e99530bdb9e186a3c7535f5db831d4319c3a2af726d8c33d","extremos diarios",53894,0,0,0,0,0,0,1068,504118.2341,0,0,0
"0ea1e855b340327f4df3149fdf3560ae14efbe4064ba5e5ecd030d647bbe1b3e","extremos diarios",34752,0,0,0,0,0,0,1,229.912,0,0,0
"b328ecda0cff8fe9870bb67828baf34e057870d52372c5dd373645d8a646a919","extremos diarios",16080,0,0,0,0,0,0,170,56655.602,0,0,0
"be93627bb200fd00bbed9444de6e98a61999f32b947699661e4a54a235968921","extremos diarios",6889,0,0,0,0,0,0,48,11573.424,0,0,0
"24dc731ba549ecf8a4bbca7f89539c30245f013497a8407c85c1835d21d4344c","extremos diarios",34752,0,0,0,0,0,0,1,305.44,0,0,0
"d5c019675ac47df943c8e2cff8c3524458f00de689a8687432df29e0cb2d8c32","extremos diarios",30865,0,0,0,0,0,0,2,596,0,0,0
"b079a9306e3a95c305433d62e206384716f4a7b6e6acd654978bb1e58f59df35","extremos diarios",19681,0,0,0,0,0,0,1,209.593,0,0,0
"a1e6325c65a70a388f0fa101260c72b1ff80d2dd27629efacefadc7978d71735","extremos diarios",16608,0,0,0,0,0,0,376,87690.853,0,0,0
"d1735ab230d287e40960e8ddd945adb3edb60b449698e102f2c7917546f48bf5","extremos diarios",4993,0,0,0,0,0,0,40,12486.139,0,0,0
"6bc14fb9d5ae5b0dde9fa15fae214867e514d838b39425775017f5808e5532e2","extremos diarios",19441,0,0,0,0,0,0,68,17133.656,0,0,0
"8465f122e7992b53999f91e71378d07afeaf04cadbee297996c471e098c3b7eb","extremos diarios",34680,0,0,0,0,0,0,4,812.156,0,0,0
"dc14bf478286dde62c06dddefda856e56cb7c05c791f654113f996c224608a8c","extremos diarios",34728,0,0,0,0,0,0,368,114581.752,0,0,0
"3f776436bd74d7ed6bd465bae8dab1ee5f208541a4ae0496b554d3d5b68d0ff6","extremos diarios",9384,0,0,0,0,0,0,2,747.727,0,0,0
"cff332f3e768ba6888347396fefbc9299e8cbd0b5f7baff86baeeb4be4696613","extremos diarios",11687,0,0,0,0,0,0,483,139472.634,0,0,0
"e6e60de76129d87416bd91321896b38b888f223c1232909d3b0906b1d36bc009","extremos diarios",4751,0,0,0,0,0,0,1,248.42,0,0,0
"04e9127ef404987401316e9f341d566b3367ab0d5d6f517454410aa2da501c55","extremos diarios",16128,0,0,0,0,0,0,664,298416.723,0,0,0
"ec26f00ed87502053cc1a807e3acd6fa22bd604b3f80233c17d525a0ae4dc1e1","extremos diarios",34752,0,0,0,0,0,0,21,4614.964,0,0,0
"a88af86811bdf06312369d2563878fbe8c7d73bd0002c7e609a5fa5e577e59ac","extremos diarios",18168,0,0,0,0,0,0,66,20276.934,0,0,0
"651d0db573da52017bcf9a2c92478c2523102f1ef1f6f9b88c4eff963156c3cf","extremos diarios",34752,0,0,0,0,0,0,1448,566477.8822,0,0,0
"0a9064c6b0549457b29099fb7522e50ef9099a9608eed7f9812c346ca6fc7ac6","extremos diarios",34128,0,0,0,0,0,0,12,2464.78,0,0,0
"53b7b777736147432c4e047d99eace4fbfcda5789f704429aea64beaa061cb65","extremos diarios",19056,0,0,0,0,0,0,6,1951.824,0,0,0
"9b27cd41edb33d82d7be67de2fdf347f173f463a0aa55bd090b5170c788b1cc6","extremos diarios",34752,0,0,0,0,0,0,65,14675.664,0,0,0
"40c9e2ecdf903bd13a88282242c66823fe1e9a6adc70a0f025506f9d1b7db176","extremos diarios",18192,0,0,0,0,0,0,14,2975.23,0,0,0
"f67fb4f7fd3a1c9aed14b5a114d0eb3b8f43293b3f4348718ec0ff114abfe3e4","extremos diarios",14473,0,0,0,0,0,0,603,241309.6771,0,0,0
"5d518a5b2a018a776b60ed966f4fc368b3d435da92c040063dd720ded4feaadd","extremos diarios",34752,0,0,0,0,0,0,19,4385.148,0,0,0
"fad72275fd987bea6ac713e239dadb2944b00ccf25359cfc2ce7fe7143736938","extremos diarios",52416,0,0,0,0,0,0,1,216.725,0,0,0
"2d02fb33171eb1f40a61f376ce74ee7213c9c768f08efa543e9c9bc74a941354","extremos diarios",34752,0,0,0,0,0,0,457,125075.466,0,0,0
"5a2a2b7e730dc2a3ea847bc598a4f40f06063aa15033aa19b38206106b1688ed","extremos diarios",34680,0,0,0,0,0,0,234,59251.695,0,0,0
"d625e58c3cc8587bcb958019f172153fc6df23b6346e296ac534f347fa788d4e","extremos diarios",34776,0,0,0,0,0,0,4,931.155,0,0,0
"88851e71b570845a64dad8698c148547331af0fe9645164e681a9416a39d633c","extremos diarios",16080,0,0,0,0,0,0,111,25433.439,0,0,0
"875ab369d91077223491651d93748871f4271c3950ebb00f638b53e7fb7d4d3d","extremos diarios",5737,0,0,0,0,0,0,134,46272,0,0,0
"480e6f2bfe5e3ee7a26e792b91ba1cb769fbf8c9b664c8c48ecb0af12277f3c4","extremos diarios",28609,0,0,0,0,0,0,170,39549.352,0,0,0
"859253b838b365eeb4e2f17e101a2d46d360fb9a25ece9f0b96c68d364b0275e","extremos diarios",5952,0,0,0,0,0,0,92,36506.952,0,0,0
"bdfad459c2a0c6c65d047d526e2118e833847263a2ee7ae63ea077bbd7a302bb","extremos diarios",34752,0,0,0,0,0,0,33,7700.407,0,0,0
"056e7941a668be0566e0b3e087135f7942bac05dc9c291c3f546f292ed3f4621","extremos diarios",35568,0,0,0,0,0,0,1482,793966.5,0,0,0
"a5e95610cefcdd4ee56a39585747e60e769916d3acc3e840b2212bb7896a7807","extremos diarios",53928,0,0,0,0,0,0,39,20384.991,0,0,0
"6aea06db89f6375f65532e98c56e7393ff2974c97230ce1d8b8827c98aaed70f","extremos diarios",51035,0,0,0,0,0,0,565,151043.6759,0,0,0
"4e35ae6ded702df959fcdbfe18f056df3e680bbc2c8962a87e688534bbaa92ae","extremos diarios",23581,0,0,0,0,0,0,23,4840.267,0,0,0
"58cd3da93e7b42053f51a25f6b5fdfeb5d040f2cf4017bed55988248acc24fba","extremos diarios",24312,0,0,0,0,0,0,194,42016.138,0,0,0
"1bafc7314b08f700073374c484bd6fe5623dad6d37bf490a20e633ef6067f4a3","extremos diarios",34752,0,0,0,0,0,0,2,441.766,0,0,0
"fa18fb392f0e71506b139bbc3716a89005f1bfc1735b2edd83289c3571d00e89","extremos diarios",16080,0,0,0,0,0,0,6,1350.023,0,0,0
"af53ecfa622333300d06994f4da520c78dcc439b9156813468b086e0bbdb0a22","extremos diarios",43224,0,0,0,0,0,0,10,2089.599,0,0,0
"b047dc578a6150c4673814bc34d2d45d9e4b3f3ca29be9dba9627b9071c60084","extremos diarios",41665,0,0,0,0,0,0,377,91070.762,0,0,0
"6d00bfbcf7c4f0a585cb12d4e380a92d9eea5fd7c3011e8edf5070d9ddf5c6d0","extremos diarios",34320,0,0,0,0,0,0,706,344216.8659,0,0,0
"c642b1088eacba5db185c079dccc85a786fd10a0d26eceebd8bf32345d568a6c","extremos diarios",34752,0,0,0,0,0,0,217,48124.375,0,0,0
"1481e8a4333df373e6bc03269f6afa2c8a5926f2fc21666641d3408aaccf2265","extremos diarios",20377,0,0,0,0,0,0,15,3244.083,0,0,0
"e964fe999fe75ed7c7106155f35591ef7e0e6e28aecb57ae05c17b542dc8e4d2","extremos diarios",28128,0,0,0,0,0,0,7,1619,0,0,0
"0d9e0a9fc689cf1c270c4732583be246d8f854e71c81a1f0992f20ab16a552d2","extremos diarios",9216,0,0,0,0,0,0,147,31803.947,0,0,0
"e9259e190f2104746b3eb352888f5522d8ffda4623ef4a37c99fc9e9fcfb10ba","extremos diarios",2040,0,0,0,0,0,0,47,10755.687,0,0,0
"267c5df1e9e3a7af3b5d2721a17833a99f198529a452749f104173567ce530f3","extremos diarios",10513,0,0,0,0,0,0,435,191191,0,0,0
"7aa8d2474e4145d225cb094236acc3214e81322843832e80ea8ca623667a6d5a","extremos diarios",10392,0,0,0,0,0,0,15,3219.492,0,0,0
"c52f4bc3aa707793e306f9b13c4594618e5fb22816f4ff9b12e1d585e6a7913f","extremos diarios",58321,0,0,0,0,0,0,61,16845,0,0,0
"1a33601e296988153215c4a85b0aba6a277e5d2790a7fd15de76f2e5eec4cbf2","extremos diarios",53688,0,0,0,0,0,0,1,203.297,0,0,0
"17e3a8b0c26d3c5f74b93184c37d82ee6aec49dbd63fd24c4b52e127a10aaffb","extremos diarios",34728,0,0,0,0,0,0,1,209.125,0,0,0
"c621792e606c706c4989f8bbb6b5f9396f51d38e84d3b2f413fdd0520b0a8dc2","extremos diarios",52416,0,0,0,0,0,0,19,4810.342,0,0,0
"0c3ffa1e164ee5616bce9cb8117ba7220cb4e27a9323243553794dffeca481a7","extremos diarios",34752,0,0,0,0,0,0,706,177248.3381,0,0,0
"ee1df4769657e4b4964bdba18279b1a8418d2a3b33622c6932c3ea115b7c2d21","extremos diarios",34680,0,0,0,0,0,0,264,59407.928,0,0,0
"ae5e557ed2eb958621edecc4ebc720f0dc6986fd2821cfb8a98eba11762b30e1","extremos diarios",20521,0,0,0,0,0,0,77,20616.743,0,0,0
"5fe9e2eb87a5daee386be7b052f3ebeb9322a3699fc30770cb9bdc40dcda52d5","extremos diarios",8760,0,0,0,0,0,0,242,60105,0,0,0
"eb289ba45971582cb7de3059617ea76f26beb878c3f18a225a8450475efa78d4","extremos diarios",10440,0,0,0,0,0,0,57,13316.208,0,0,0
"c8d8ad4659ad5416ca2f370d3ebd84cbd159785284481ecbcbb876fa6b1ba8da","extremos diarios",1200,0,0,0,0,0,0,46,15112,0,0,0
"6359224d774c9956e3ffdb5b8f939cdd98a122bb289eddfe38cf3354a3520b44","extremos diarios",34680,0,0,0,0,0,0,3,754.638,0,0,0
"49a86cb49581baaa354088ad6dc3f8211922d9f639a1c14c569772c04ac3fc43","extremos diarios",40729,0,0,0,0,0,0,35,7769.891,0,0,0
"34b6c8e0d8cc5eab9ba742ad18cd68eae709ccef5e927a2ea561fcf585c31fe0","extremos diarios",15457,0,0,0,0,0,0,18,4167.877,0,0,0
"3a61be1a3d76a5b5a32ec4a8af70815973320912a9daefd472ae643a3dcf28cd","extremos diarios",17760,0,0,0,0,0,0,717,209371.333,0,0,0
"446163479f3b1109f654583786b597994d80204d98d745e5448603fb05f69a59","extremos diarios",16080,0,0,0,0,0,0,670,360670.9571,0,0,0
"611097ea7339fead4e25d509748d0fa71653cf52cb733ec4eaae6777d3e04c47","extremos diarios",15577,0,0,0,0,0,0,14,3285.479,0,0,0
"cd6dca8399f367c66426e3b3d2cded2d627694391aa93c377ef00c45f47809e1","extremos diarios",27216,0,0,0,0,0,0,947,375095,0,0,0
"4f356e2537657979fcca0ed58f4ff74ed9c0e821925ae0b27c7dc4301f11be23","extremos diarios",28633,0,0,0,0,0,0,1,202.241,0,0,0
"50c153790ae5ee06e68d5bd9fec9ebeddb3efaf4b24ef290e59d2dbe9a55ef8e","extremos diarios",17328,0,0,0,0,0,0,376,212682,0,0,0
"5e8fe6fb111f78ffe17941c3bde463e94bc4de31c4da57c635af3fb2dd346349","extremos diarios",17160,0,0,0,0,0,0,51,11027.445,0,0,0
"69c6cc25cd4aa4a9b08d6f6dc6723a9c5c188937df19ddac1f0865360cd6e035","extremos diarios",34728,0,0,0,0,0,0,3,623.493,0,0,0
"5a960f9515bf0cb0c1a6433f5c1abcdba61041585c0aa2195b1f4988dc564493","extremos diarios",6716,0,0,0,0,0,0,250,90703.874,0,0,0
"b82c0e98729bd8db209e0bbf63b9ea4cfd65db53d68ccae8034d09fac94cc47f","extremos diarios",10319,0,0,0,0,0,0,430,139817.8999,0,0,0
"99b60842f99386e8f4e333ba32c2e9da47d8b6d1341110afa38ec093fde38875","extremos diarios",2544,0,0,0,0,0,0,106,32945,0,0,0
"bd3602c5148cce3672d3ed5672c08e7005ca0a2382f78e34d0b99e4cdfb58b67","extremos diarios",34632,0,0,0,0,0,0,51,11849.651,0,0,0
"ae88d9a7acfc4b84195e61ebc98f7939dbdc151d037e957c8125fbc836ae7c15","extremos diarios",17568,0,0,0,0,0,0,1,373.962,0,0,0
"211f54c82656d604e6fb2a41ff71a2b7f2008afbbbb77e38f00e5e99a91b19d1","extremos diarios",29977,0,0,0,0,0,0,1,256.754,0,0,0
"8651a917a6ef9937172990decdfc73236415529838927e218e4abe3f3e159328","extremos diarios",58321,0,0,0,0,0,0,1,301.255,0,0,0
"ebeefcc4a65878fb9c07d290525b63e98712f735cc1f9092ea32857ca69aa1b1","extremos diarios",34752,0,0,0,0,0,0,26,6338.725,0,0,0
"15e7cc0c90516b7d644a04b5f7538395407d50be295f53bdcd0edacf38729d60","extremos diarios",29785,0,0,0,0,0,0,339,84180.898,0,0,0
"1b120b438c69a24b3356ed269113774d58ba2edcb5cbc7dbcc714818f243fd31","extremos diarios",34752,0,0,0,0,0,0,5,1040.035,0,0,0
"f1b564fbbff3293bc018c2c47a7601b1f335b9b201d0664e605d3f0cc54b8dd0","extremos diarios",32808,0,0,0,0,0,0,2,415.099,0,0,0
"97d96fd6451e847da20098dec08e14c94bb8c28e9e17d9609eab766a3e1fc4b0","extremos diarios",45648,0,0,0,0,0,0,1825,787466.679,0,0,0
"699fffacaf56a40e4d8e0010a48c8beb8d6594bc6774119469478b5c3d0acd68","extremos diarios",16968,0,0,0,0,0,0,142,32078.781,0,0,0
"857f317a892598bf84207ef5e54ca83df9c569ac159328cf17f0c4491a2cc73a","extremos diarios",58321,0,0,0,0,0,0,1,201.289,0,0,0
"22c10eed143cc31c46285167278726b8bdf40e8816550d65269a7bfbfe90b7c9","extremos diarios",1249,0,0,0,0,0,0,4,986,0,0,0
"4aadee2841e348a0812bed574c303640ecbc0d5c690bf0e6aac9a0ad865b73c3","extremos diarios",31921,0,0,0,0,0,0,2,420.026,0,0,0
"d12b4e6c708ccaa999ec8e01cc9c8c150939e061d30119b330e018f2ccc2232b","extremos diarios",32137,0,0,0,0,0,0,48,12617.027,0,0,0
"e70e0bc125842185a77a0b7a731426d7bf56dde985d9823ae3c66b01ccfa0e29","extremos diarios",27312,0,0,0,0,0,0,187,43421.035,0,0,0
"867070fb80929cac1d0702bf69c18821841dce4e20317cfb107efea470da90ec","extremos diarios",29089,0,0,0,0,0,0,1047,380118.147,0,0,0
"eddb9ed6236fe4eb39eecafb47127fc97304ee48ce77254dd69bfd4b3786040d","extremos diarios",41641,0,0,0,0,0,0,1586,728916.528,0,0,0
"3fd6306e6628c0ed51fbdbdad6a47b647cfdab8f2466f810b7e4ebc5940bd375","extremos diarios",27697,0,0,0,0,0,0,15,3440.974,0,0,0
"1f42b303b12b122a1cd54f20544548dd532f04b5ec18da6e6e02718ee47732e5","extremos diarios",40010,0,0,0,0,0,0,2,598.494,0,0,0
"5f57db868ab6bf8f4af66f802048a4fd377495eda94391ce3f120192c99f7ec8","extremos diarios",34728,0,0,0,0,0,0,12,2524.432,0,0,0
"a47be7055ec436eea02088b69a51d037c38a40e5d96398d483fdf20502f3fae1","extremos diarios",34752,0,0,0,0,0,0,17,3712.999,0,0,0
"2393fe0ce9999a3f42bd62668818e9f96615bc2250d69e0fa93198f79073d563","extremos diarios",34752,0,0,0,0,0,0,1,210.275,0,0,0
"a2cac828c8c8bb8fb8243798b249ad996bc1d949b74b6bc443c16cfedad606f9","extremos diarios",34752,0,0,0,0,0,0,2,430.482,0,0,0
"21006f8b7863d5055ac89883ba8639d0b2819603f7f1578647912f6ceab25294","extremos diarios",8088,0,0,0,0,0,0,57,14381,0,0,0
"1fe5d0bd4d76afc1ccd60bd1d2568dcfa23b6cdae7529bc9ef55321bca0b4653","extremos diarios",13513,0,0,0,0,0,0,124,27002.764,0,0,0
"f1079c12d0f31d50bcb5c809fa9cfb42c2cd1737244c174871c69598feb35e23","extremos diarios",9720,0,0,0,0,0,0,276,71152.635,0,0,0
"b0cd5331c5561080a23cb4d33e294265da857b024a8251fdb1e7871fc0a9a775","extremos diarios",576,0,0,0,0,0,0,24,7636.089,0,0,0
"e3235b1a8e7fc2c24f4180207eb2da872cee657c3846eeb7cf757b42d51a601f","extremos diarios",34728,0,0,0,0,0,0,4,895.195,0,0,0
"da03ea44f10a1239d41f024c5975c1f9dcf08207ed39474732e13262eedbdd59","extremos diarios",53581,0,0,0,0,0,0,1841,1176914,0,0,0
"57ee9c2c8c775465328f675fe4e22ce82b703dda5e71a7ad346dfc5d4b44b11d","extremos diarios",6048,0,0,0,0,0,0,34,7691.516,0,0,0
"e8bcd6f42c07ca3b317e205719938c9ec7ec3056a7b8b49b1e1c09ba0833ef16","extremos diarios",35400,0,0,0,0,0,0,690,277697.5301,0,0,0
"ab9d45217977394c6ae2d3fb1ca90aed7f079377e2d224820e765a8c77a2b752","extremos diarios",6409,0,0,0,0,0,0,35,10078.691,0,0,0
"dd093eaebce6ed95210d137161815f05049fb2ee612cc88ec72a1231fb155b84","extremos diarios",34752,0,0,0,0,0,0,7,1553.994,0,0,0
"f3edd46bb3b467402e806024e423ab7b6128304c8527f13f3e09816de5f146a8","extremos diarios",34824,0,0,0,0,0,0,3,706.347,0,0,0
"e63ba21db535c10193a722cbca6ece70b58f642bae3bbc090b2dfa61daedce60","extremos diarios",23881,0,0,0,0,0,0,870,267338.7355,0,0,0
"2ed0336075a3fe2c467c1470077f5b1ccbcf7b699d94beaa7b6dc4c09682e9ab","extremos diarios",30553,0,0,0,0,0,0,901,286954.869,0,0,0
"0852652631809822780d2d68ab275a5fd0e42e5b16b520ff92e9b240970c9756","extremos diarios",22033,0,0,0,0,0,0,150,38460.586,0,0,0
"a12ac6e898e9a957120f753c5bbfe7fc459b7d0cca8de31ccce6b5b2920a7208","extremos diarios",36336,0,0,0,0,0,0,4,1129.048,0,0,0
"1c242d437e89cc20af1422e0a5f0bb6291df978f96b80a79a2d8a76a9eef381b","extremos diarios",20401,0,0,0,0,0,0,424,199913.189,0,0,0
"74e7946237f4423cdeb5f34e7fa7e1cb0a2aaf8183625c2ab4ea396947e5995d","extremos diarios",15457,0,0,0,0,0,0,14,3557.095,0,0,0
"f7f272b11efe4304414b64a5eb919c41339f28ac1ab8de0835715343acce1776","extremos diarios",15535,0,0,0,0,0,0,21,4936.153,0,0,0
"ddc4546c4a62c1ccbf6ffa373cdcec4e5027e116b268c83b1c8596fdb1f9c393","extremos diarios",21455,0,0,0,0,0,0,5,1110.979,0,0,0
"6fa4853035369b3d5b42596680214d1d62c6d55c0a65565e1ef57ff9eec4ce75","extremos diarios",34752,0,0,0,0,0,0,734,169937.298,0,0,0
"61fc160b20370b614f7c8e70254205473b70eef378b38ce89b45d8a6479a03c5","extremos diarios",34752,0,0,0,0,0,0,192,47571.836,0,0,0
"4dfda842f1223fe26e2b4f2ad298fa4ee3d156e500a00ec384c2744ac78ebeac","extremos diarios",36456,0,0,0,0,0,0,829,259623.2649,0,0,0
