"date","cluster","actual","pred"
2023-07-01,1,2928.61600126605,2996.900390625
2023-07-02,1,2378.81550150248,2397.69799804688
2023-07-03,1,5882.69649983721,5841.43994140625
2023-07-04,1,6105.71549725276,6210.13525390625
2023-07-05,1,5987.46299918415,6277.51611328125
2023-07-06,1,5700.78499998862,6197.28271484375
2023-07-07,1,5414.44200079446,5534.46044921875
2023-07-08,1,2771.02150057734,2842.00732421875
2023-07-09,1,2254.51450276317,2306.140625
2023-07-10,1,5756.12250270043,5683.72900390625
2023-07-11,1,6003.32899977535,5579.67724609375
2023-07-12,1,5821.56350267748,5791.34375
2023-07-13,1,5836.80750387511,5691.13525390625
2023-07-14,1,5446.07450137415,5731.330078125
2023-07-15,1,2970.2805015475,2826.08935546875
2023-07-16,1,2272.24850159243,2336.6513671875
2023-07-17,1,5774.15050358768,5752.24951171875
2023-07-18,1,6040.7675041788,5812.93359375
2023-07-19,1,5931.95600082213,5970.60498046875
2023-07-20,1,5807.25600438495,5782.7001953125
2023-07-21,1,5325.25750340521,5416.6201171875
2023-07-22,1,2936.19800128613,2978.09375
2023-07-23,1,2454.69650109392,2343.11450195312
2023-07-24,1,4603.47549974732,5222.34228515625
2023-07-25,1,2667.74600161554,4580.10107421875
2023-07-26,1,5354.45900320902,5240.1640625
2023-07-27,1,5360.36100146768,4912.9697265625
2023-07-28,1,4992.48150063027,4432.25146484375
2023-07-29,1,2820.94600267767,2785.8017578125
2023-07-30,1,2254.38850090874,2262.869140625
2023-07-31,1,3201.24200188555,4068.7607421875
2023-08-01,1,4794.72950409784,5046.9697265625
2023-08-02,1,4857.28450397693,4655.53515625
2023-08-03,1,4663.71400316618,4535.26220703125
2023-08-04,1,4274.06600305962,4129.0078125
2023-08-05,1,2664.12700268545,2624.99829101562
2023-08-06,1,2178.1275013719,2177.93212890625
2023-08-07,1,3930.52199739858,4041.14599609375
2023-08-08,1,4036.0115030756,4251.04541015625
2023-08-09,1,4211.83300031419,4441.23779296875
2023-08-10,1,4285.02750564134,4281.28271484375
2023-08-11,1,4004.73600213823,4087.38159179688
2023-08-12,1,2670.52800342371,2642.45654296875
2023-08-13,1,2151.20500205399,2162.00561523438
2023-08-14,1,3498.4880012325,3799.1650390625
2023-08-15,1,2263.42300316331,3602.94018554688
2023-08-16,1,3980.01099749643,3771.10888671875
2023-08-17,1,4083.56300457579,3989.31225585938
2023-08-18,1,4040.94400102785,3970.75463867188
2023-08-19,1,2662.20999991935,2816.01977539062
2023-08-20,1,2204.00000099035,2172.15844726562
2023-08-21,1,4405.74700288859,3946.69921875
2023-08-22,1,4582.69750368409,4100.0341796875
2023-08-23,1,4957.83600082609,4704.03662109375
2023-08-24,1,5056.4370035989,4935.384765625
2023-08-25,1,4267.00799930934,4335.41552734375
2023-08-26,1,2589.06800180743,2742.966796875
2023-08-27,1,2202.07400083053,2124.22631835938
2023-08-28,1,4734.75300018187,4863.49951171875
2023-08-29,1,4846.38699685468,5213.8193359375
2023-08-30,1,4775.98700075573,5163.03857421875
2023-08-31,1,4752.74849866319,5168.84521484375
2023-09-01,1,5041.63050133642,5046.712890625
2023-09-02,1,2835.64600043779,2746.86694335938
2023-09-03,1,2230.56200356188,2304.591796875
2023-09-04,1,6266.07350366621,5918.94775390625
2023-09-05,1,6450.63599857374,6057.0517578125
2023-09-06,1,6625.15150232008,6157.853515625
2023-09-07,1,6786.60900373722,6737.10302734375
2023-09-08,1,6258.52249982336,6142.142578125
2023-09-09,1,3064.56800050556,3193.04418945312
2023-09-10,1,2408.36900199449,2359.30810546875
2023-09-11,1,6823.09550312709,6739.91259765625
2023-09-12,1,6880.6575021426,6936.7802734375
2023-09-13,1,6643.58650447417,6900.96533203125
2023-09-14,1,6506.9285021486,6854.7001953125
2023-09-15,1,6011.07750569447,6268.5341796875
2023-09-16,1,2941.61200049939,3096.65283203125
2023-09-17,1,2333.0780011937,2408.3818359375
2023-09-18,1,6538.64800044172,6631.54638671875
2023-09-19,1,6546.59350119799,6679.490234375
2023-09-20,1,6550.38000390225,6759.18994140625
2023-09-21,1,6761.22100290691,6760.244140625
2023-09-22,1,5995.98999983794,5884.35498046875
2023-09-23,1,2914.1984989706,2941.03540039062
2023-09-24,1,2312.06950141897,2354.12036132812
2023-09-25,1,6367.6419987129,6631.27392578125
2023-09-26,1,6503.40100223431,6830.13037109375
2023-09-27,1,6578.93350207584,6780.1337890625
2023-09-28,1,6631.66499790282,6724.44921875
2023-09-29,1,6093.88900308602,5977.77294921875
2023-09-30,1,2955.80600282853,2960.21118164062
2023-10-01,1,2354.14900284004,2374.06616210938
2023-10-02,1,7322.95600269025,6831.5712890625
2023-10-03,1,7130.78549958707,7197.71533203125
2023-10-04,1,7112.40000200493,7136.21484375
2023-10-05,1,7212.53199946764,7331.4453125
2023-10-06,1,6409.54099741776,6292.00634765625
2023-10-07,1,3019.34850103373,2902.9326171875
2023-10-08,1,2315.70050020108,2365.71533203125
2023-10-09,1,7059.89600151905,6156.38720703125
2023-10-10,1,7066.77800233697,7177.40576171875
2023-10-11,1,6967.30050431634,7084.09912109375
2023-10-12,1,2795.40550383541,5459.87255859375
2023-10-13,1,4543.17650319671,5294.50927734375
2023-10-14,1,2926.73050056631,2852.17944335938
2023-10-15,1,2316.85000131594,2400.77416992188
2023-10-16,1,7058.78399917623,5433.23486328125
2023-10-17,1,7294.71399995196,6751.353515625
2023-10-18,1,7445.04750409024,7262.83349609375
2023-10-19,1,7555.45950274623,7287.83056640625
2023-10-20,1,6535.1689997405,6492.9482421875
2023-10-21,1,3089.87700219499,2995.71728515625
2023-10-22,1,2386.87200198998,2314.94946289062
2023-10-23,1,7354.2509999607,7311.2265625
2023-10-24,1,7587.77700324322,7539.66845703125
2023-10-25,1,7609.92600505764,7424.88134765625
2023-10-26,1,7718.01150728716,7418.427734375
2023-10-27,1,6724.50949639129,6935.76220703125
2023-10-28,1,3094.60000307392,3186.32202148438
2023-10-29,1,2406.89500191296,2383.32763671875
2023-10-30,1,7422.74900296796,6348.44921875
2023-10-31,1,7422.337501787,7135.7646484375
2023-11-01,1,2739.27900154877,3878.74877929688
2023-11-02,1,8108.4005000646,7553.88427734375
2023-11-03,1,8097.34099750954,7796.87841796875
2023-11-04,1,3450.65650138923,3433.25
2023-11-05,1,2590.20600209211,2639.60522460938
2023-11-06,1,8729.23800031573,7837.52685546875
2023-11-07,1,9328.0244993103,9064.4296875
2023-11-08,1,9354.51600184396,10417.7431640625
2023-11-09,1,8960.07400019886,8614.7509765625
2023-11-10,1,8406.60800212552,7778.3330078125
2023-11-11,1,3702.84300299361,3498.25512695312
2023-11-12,1,2691.30650020821,2593.2119140625
2023-11-13,1,7981.03350067639,8076.72265625
2023-11-14,1,7757.78300107678,8082.73486328125
2023-11-15,1,7900.40399647108,8090.765625
2023-11-16,1,8201.08850243036,7948.544921875
2023-11-17,1,6907.36900217948,7299.0244140625
2023-11-18,1,3193.12100099772,3351.1591796875
2023-11-19,1,2413.08950223669,2582.86645507812
2023-11-20,1,9307.88850038103,8188.44482421875
2023-11-21,1,9765.47750321601,9278.208984375
2023-11-22,1,10067.6725032025,9297.3759765625
2023-11-23,1,9968.37100623199,9681.7890625
2023-11-24,1,8869.6395019762,8850.4833984375
2023-11-25,1,3594.30950016889,3986.31518554688
2023-11-26,1,2882.3190025948,2863.70263671875
2023-11-27,1,11724.3405026854,11257.1455078125
2023-11-28,1,11074.0014965744,10978.4736328125
2023-11-29,1,10191.3919992102,10013.2568359375
2023-11-30,1,7493.15700303647,9224.2333984375
2023-12-01,1,9237.06999894418,7987.2177734375
2023-12-02,1,3887.02749946294,3934.8427734375
2023-12-03,1,2930.38850159862,2978.74755859375
2023-12-04,1,10258.6445064577,10144.6494140625
2023-12-05,1,11060.8824979333,9446.6591796875
2023-12-06,1,4421.99849825725,7929.55126953125
2023-12-07,1,7317.48100320774,9340.4306640625
2023-12-08,1,3601.90549944597,3972.26342773438
2023-12-09,1,3704.23350046726,3302.32348632812
2023-12-10,1,2845.13299937616,2853.34985351562
2023-12-11,1,9938.96549720946,7067.38671875
2023-12-12,1,10503.0339986258,6864.29052734375
2023-12-13,1,10801.4919991739,10080.7734375
2023-12-14,1,11209.6295059476,10704.544921875
2023-12-15,1,9271.8490025677,9198.2431640625
2023-12-16,1,4130.3060008412,3851.31689453125
2023-12-17,1,3240.69550122798,2951.75537109375
2023-12-18,1,12944.9830079139,11951.4052734375
2023-12-19,1,13504.1310050081,12145.9833984375
2023-12-20,1,12541.8130000859,12168.4990234375
2023-12-21,1,11125.7929979713,11464.8291015625
2023-12-22,1,9230.85849714011,9496.2783203125
2023-12-23,1,3926.12700092257,3843.37329101562
2023-12-24,1,2837.39600131114,3128.01489257812
2023-12-25,1,3082.69800056634,9510.078125
2023-12-26,1,9061.13999886822,8081.455078125
2023-12-27,1,9120.21499815944,6510.70947265625
2023-12-28,1,8545.75300961733,6819.92529296875
2023-12-29,1,7309.34999872348,6067.95849609375
2023-12-30,1,3714.66400099522,3369.23413085938
2023-12-31,1,2675.41750173236,2579.17651367188
2024-01-01,1,3032.77499884693,7943.61669921875
2024-01-02,1,8022.58399319556,7643.4658203125
2024-01-03,1,7834.7759995939,7048.1162109375
2024-01-04,1,8005.83399957663,7196.87451171875
2024-01-05,1,7639.65450314945,6906.56396484375
2024-01-06,1,2906.97750096524,3310.58154296875
2024-01-07,1,3137.72399851622,2985.92065429688
2024-01-08,1,13858.4544913807,11044.916015625
2024-01-09,1,14896.0924929446,13489.19140625
2024-01-10,1,15008.1024993554,14138.908203125
2024-01-11,1,14639.3624945623,15161.83984375
2024-01-12,1,12103.8260079589,12767.0810546875
2024-01-13,1,4709.1710022043,5894.76416015625
2024-01-14,1,3247.34949893155,3313.95336914062
2024-01-15,1,13088.054001052,12406.232421875
2024-01-16,1,12519.2010065819,12305.369140625
2024-01-17,1,10301.6869989217,10225.4267578125
2024-01-18,1,10043.5890005771,10868.341796875
2024-01-19,1,10626.2990013781,9731.4501953125
2024-01-20,1,4024.55150291731,4677.29248046875
2024-01-21,1,2988.86500357313,3099.07934570312
2024-01-22,1,11932.4929970693,11114.810546875
2024-01-23,1,10754.12950526,10595.5009765625
2024-01-24,1,9043.02149968804,10215.1943359375
2024-01-25,1,188.06400035508,9987.228515625
2024-01-26,1,177.884000202641,5055.6240234375
2024-01-27,1,104.757999898866,2983.96826171875
2024-01-28,1,78.7760000433773,2474.51391601562
2024-01-29,1,235.674000281841,4661.00146484375
2024-01-30,1,195.829999607056,5527.1494140625
2024-01-31,1,158.075999313849,5971.05322265625
2023-07-01,2,32450.3205111671,33538.609375
2023-07-02,2,33154.6045154362,33806.0703125
2023-07-03,2,31609.8850095309,31926.48046875
2023-07-04,2,32190.4615168297,31787.2109375
2023-07-05,2,32253.8115081667,31986.47265625
2023-07-06,2,32685.4885197743,31960.900390625
2023-07-07,2,32934.9345092694,32796.25390625
2023-07-08,2,33863.9240096448,34190.87109375
2023-07-09,2,34593.4260113233,35043.1484375
2023-07-10,2,32722.496514647,33086.5703125
2023-07-11,2,34149.9365101325,33586.23828125
2023-07-12,2,32839.4585173993,33061.4296875
2023-07-13,2,32826.783520882,33184.92578125
2023-07-14,2,33645.1880067092,34682.23828125
2023-07-15,2,34671.3490153269,34898.23046875
2023-07-16,2,33500.5735151847,35321.79296875
2023-07-17,2,32500.7340143119,33388.1796875
2023-07-18,2,33719.7295114263,34039.33203125
2023-07-19,2,33843.8325179462,33893.1328125
2023-07-20,2,33313.5665155376,33657.5078125
2023-07-21,2,33002.7175111528,33587.19921875
2023-07-22,2,33368.9000072047,34469.96484375
2023-07-23,2,33435.7700162089,35191.90234375
2023-07-24,2,32973.4435295153,32591.73828125
2023-07-25,2,32523.1235169803,33146.5234375
2023-07-26,2,31331.9050212047,32418.96875
2023-07-27,2,32588.7230066597,32381.984375
2023-07-28,2,32507.5275110466,33255.1015625
2023-07-29,2,33834.2525115233,34367.85546875
2023-07-30,2,33761.8300140611,34504.56640625
2023-07-31,2,32120.1855145394,32731.7734375
2023-08-01,2,32520.789507742,32588.126953125
2023-08-02,2,33076.7825161974,32920.078125
2023-08-03,2,32152.5685118224,33028.9609375
2023-08-04,2,31497.7970135631,32540.61328125
2023-08-05,2,31395.1085273165,33070.20703125
2023-08-06,2,31394.8010174216,32765.095703125
2023-08-07,2,30219.5240169311,31016.859375
2023-08-08,2,30559.7275164812,31513.208984375
2023-08-09,2,32188.7585204019,32088.421875
2023-08-10,2,32642.213008617,32248.8125
2023-08-11,2,32521.3865110177,32285.5234375
2023-08-12,2,33322.7045076736,33614.78515625
2023-08-13,2,33086.476517641,33407.89453125
2023-08-14,2,32290.4950151173,31953.984375
2023-08-15,2,32682.4895126169,32845.34375
2023-08-16,2,32223.7165068387,32753.525390625
2023-08-17,2,32525.7335190931,33163.2734375
2023-08-18,2,33154.2810209917,33710.1796875
2023-08-19,2,33941.6815189717,34012.453125
2023-08-20,2,34489.9910062641,33720.50390625
2023-08-21,2,34159.3010109154,33209.5234375
2023-08-22,2,34928.9195073654,34175.14453125
2023-08-23,2,36120.9530107892,34346.63671875
2023-08-24,2,36339.371011997,35380.7109375
2023-08-25,2,35078.3045089842,34484.48828125
2023-08-26,2,34051.3010200405,35113.23046875
2023-08-27,2,33625.6115165931,34390.46875
2023-08-28,2,32222.0685162721,32397.021484375
2023-08-29,2,32272.7860208125,32666.705078125
2023-08-30,2,31854.4200239468,32651.08203125
2023-08-31,2,31436.4240166823,32187.38671875
2023-09-01,2,32157.8215143954,32562.939453125
2023-09-02,2,35784.7585157588,34368.9296875
2023-09-03,2,34329.1500124317,34674.21875
2023-09-04,2,32749.2195092342,33155.296875
2023-09-05,2,32994.4520201343,33580.80078125
2023-09-06,2,33259.866515119,33844.53125
2023-09-07,2,33598.6770090454,34441.42578125
2023-09-08,2,34400.8590185687,34253.60546875
2023-09-09,2,35801.4920115738,35471.046875
2023-09-10,2,36063.8610059937,35001.58984375
2023-09-11,2,33684.4720123306,32674.998046875
2023-09-12,2,32891.304007285,32995.80078125
2023-09-13,2,32277.5230107054,32594.171875
2023-09-14,2,32336.5165176486,32537.716796875
2023-09-15,2,32991.9470211653,32712.265625
2023-09-16,2,34784.7645122955,34604.3671875
2023-09-17,2,35049.923012757,34607.90234375
2023-09-18,2,31809.399512686,32145.35546875
2023-09-19,2,31723.4700113917,31893.216796875
2023-09-20,2,31633.8325160398,31803.3984375
2023-09-21,2,32497.6800118033,31741.48046875
2023-09-22,2,31761.7865082626,32412.48046875
2023-09-23,2,32769.3160120023,34045.25
2023-09-24,2,32676.752512004,33587.953125
2023-09-25,2,30460.9850155708,30987.8828125
2023-09-26,2,30886.2960121877,31017.064453125
2023-09-27,2,31147.4720155069,31022.98828125
2023-09-28,2,31245.0275191065,31457.77734375
2023-09-29,2,31807.1645098816,31330.5234375
2023-09-30,2,33587.1890155294,33059.6015625
2023-10-01,2,34115.3565146369,33592.66015625
2023-10-02,2,32122.3965177326,31995.595703125
2023-10-03,2,32324.9015200335,31520.537109375
2023-10-04,2,31810.2310147684,31654.904296875
2023-10-05,2,31563.8120151029,31572.359375
2023-10-06,2,31660.051009724,31789.470703125
2023-10-07,2,33735.013013074,33777.28515625
2023-10-08,2,34046.3495135961,33892.16015625
2023-10-09,2,30978.2225124001,30734.462890625
2023-10-10,2,30501.9495107727,31083.48046875
2023-10-11,2,30232.7040220065,31380.171875
2023-10-12,2,31711.3045124605,31691.955078125
2023-10-13,2,31424.6290085564,31653.15625
2023-10-14,2,33099.8410189201,33001.6953125
2023-10-15,2,33212.8745105792,33313.27734375
2023-10-16,2,30602.303519769,30708.6015625
2023-10-17,2,30971.7080226613,31156.26171875
2023-10-18,2,31570.0305257235,31467.96484375
2023-10-19,2,32440.9885179498,31442.453125
2023-10-20,2,31838.8730066704,31878.7265625
2023-10-21,2,32528.7530088882,33443.6953125
2023-10-22,2,33157.430010215,33569.69921875
2023-10-23,2,30565.901011412,30927.5390625
2023-10-24,2,30777.9600158298,30786.30078125
2023-10-25,2,31573.1345132728,31082.990234375
2023-10-26,2,32047.1505085829,31210.158203125
2023-10-27,2,30980.0400099937,31592.67578125
2023-10-28,2,33572.9670151474,33012.19140625
2023-10-29,2,34831.8190073892,33999.6953125
2023-10-30,2,30506.8005106015,31882.072265625
2023-10-31,2,29812.8185124284,31190.9375
2023-11-01,2,34345.2945157105,31533.498046875
2023-11-02,2,31397.3265162426,31371.7109375
2023-11-03,2,31971.5720169196,31434.5
2023-11-04,2,34794.0110103948,33799.734375
2023-11-05,2,34683.500009336,34672.8671875
2023-11-06,2,30266.2100163679,31180.7578125
2023-11-07,2,30771.617013364,31230.546875
2023-11-08,2,30636.5600220149,31091.80078125
2023-11-09,2,30571.0250079929,30733.966796875
2023-11-10,2,31552.9040178442,31008.1875
2023-11-11,2,34882.0800105821,33967.29296875
2023-11-12,2,34571.2565088565,34334.28515625
2023-11-13,2,30336.5515033382,30886.62890625
2023-11-14,2,30630.8910101268,30582.66015625
2023-11-15,2,30268.8965073057,31051.8203125
2023-11-16,2,31237.046019964,30886.765625
2023-11-17,2,30495.294509723,30913.99609375
2023-11-18,2,32738.5615186245,33367.3125
2023-11-19,2,33752.9940172095,33047.39453125
2023-11-20,2,31089.7235201555,30569.87890625
2023-11-21,2,31355.6985109831,30812.01171875
2023-11-22,2,31431.7785140905,30926.78125
2023-11-23,2,30535.0960071692,31119.689453125
2023-11-24,2,31575.3905079146,30896.62109375
2023-11-25,2,34747.2640111287,33798.27734375
2023-11-26,2,34961.8050088787,35403.7421875
2023-11-27,2,32167.8425190147,31426.841796875
2023-11-28,2,31972.8905126899,31578.80859375
2023-11-29,2,31573.0155159911,31855.677734375
2023-11-30,2,33083.2660181331,31559.716796875
2023-12-01,2,32011.0735042911,32153.890625
2023-12-02,2,35234.8675070007,34987.2890625
2023-12-03,2,35336.3555062485,35935.015625
2023-12-04,2,32241.3805061857,32025.87109375
2023-12-05,2,31737.6445115405,32491.333984375
2023-12-06,2,34458.2680197272,32864.078125
2023-12-07,2,34077.6960147984,33184.828125
2023-12-08,2,34672.3045045281,33468.21484375
2023-12-09,2,33897.5045205991,35735.953125
2023-12-10,2,35401.3640043415,34884.1640625
2023-12-11,2,30891.7575094507,31780.8203125
2023-12-12,2,32038.5470107288,31574.830078125
2023-12-13,2,32044.2005169819,31950.7265625
2023-12-14,2,31496.1355107415,32148.359375
2023-12-15,2,31715.7995086353,31634.921875
2023-12-16,2,34145.3595145719,34651.609375
2023-12-17,2,35426.2510151672,34937.91015625
2023-12-18,2,31523.6295192572,31959.19921875
2023-12-19,2,32330.1850073335,31896.751953125
2023-12-20,2,32601.1155046901,32508.451171875
2023-12-21,2,32706.8470121822,32524.03125
2023-12-22,2,33365.9130230303,33439.03515625
2023-12-23,2,36499.3840090961,35844.36328125
2023-12-24,2,35497.9605016445,36838.390625
2023-12-25,2,33399.3060088369,32652.576171875
2023-12-26,2,32526.9750087494,33100.87109375
2023-12-27,2,32814.2880174943,33216.51953125
2023-12-28,2,33333.5395221262,33150.7578125
2023-12-29,2,33537.30851751,33645.69921875
2023-12-30,2,34645.4685021617,36039.82421875
2023-12-31,2,35743.4070074949,36001.62109375
2024-01-01,2,32875.9810129223,32512.921875
2024-01-02,2,32622.537510036,32465.23046875
2024-01-03,2,32036.4920067772,32749.5859375
2024-01-04,2,32006.160016868,32775.08984375
2024-01-05,2,33940.6395104449,32908.953125
2024-01-06,2,35502.726011454,35210.9609375
2024-01-07,2,36535.4045058402,36046.51171875
2024-01-08,2,31997.5505117954,32571.359375
2024-01-09,2,32477.8255140068,32841.42578125
2024-01-10,2,34020.8010124151,32801.73828125
2024-01-11,2,33285.8260152947,32921.65234375
2024-01-12,2,32742.9290082791,33401.140625
2024-01-13,2,35001.2450100685,35782.2421875
2024-01-14,2,36345.4235112824,36308.3671875
2024-01-15,2,31741.630014567,32015.69921875
2024-01-16,2,31491.9775072251,31921.220703125
2024-01-17,2,31141.6025072696,31456.900390625
2024-01-18,2,30465.8655142273,31459.048828125
2024-01-19,2,31597.2230146714,31947.8671875
2024-01-20,2,34012.3275073223,35815.19140625
2024-01-21,2,34567.1065235032,35112.62890625
2024-01-22,2,29590.3185116166,30694.5234375
2024-01-23,2,28445.143502559,30178.6953125
2024-01-24,2,25885.5670077786,29464.998046875
2024-01-25,2,1897.79200151365,26975.9921875
2024-01-26,2,1886.0620025692,22518.068359375
2024-01-27,2,1814.16300092393,13262.494140625
2024-01-28,2,1812.57000171987,13257.2109375
2024-01-29,2,1501.09200144105,10938.119140625
2024-01-30,2,1051.67999940086,10852.9501953125
2024-01-31,2,896.047999694478,10913.8876953125
2023-07-01,3,37063.5665224984,37013.6953125
2023-07-02,3,38728.9755236027,38811.97265625
2023-07-03,3,40127.3540186419,41051.21484375
2023-07-04,3,40422.5990240419,40923.37109375
2023-07-05,3,40357.0240184425,40357.921875
2023-07-06,3,39594.1740247845,39651.984375
2023-07-07,3,38030.4725215419,38096.3828125
2023-07-08,3,35870.4790258898,35727.78515625
2023-07-09,3,38370.7300172341,36861.90625
2023-07-10,3,39668.7230260326,39988.27734375
2023-07-11,3,40981.3180221413,40386.6640625
2023-07-12,3,39383.8340241333,40784.0234375
2023-07-13,3,38876.9665190702,39583.125
2023-07-14,3,37290.2425237675,37537.33203125
2023-07-15,3,36798.4030235555,35668.4765625
2023-07-16,3,37119.9540244888,37939.2890625
2023-07-17,3,39280.3605231147,39897.87890625
2023-07-18,3,39518.5960159575,39883.8671875
2023-07-19,3,39774.7275107051,40203.60546875
2023-07-20,3,38822.8570255497,39485.734375
2023-07-21,3,37635.3385255943,37148.5078125
2023-07-22,3,34725.8420288193,35533.796875
2023-07-23,3,35596.6720258004,34827.75
2023-07-24,3,38018.2145267398,37359.3125
2023-07-25,3,36854.9105284481,38680.1953125
2023-07-26,3,37225.7810247763,38300.3359375
2023-07-27,3,37510.6510261218,37261.57421875
2023-07-28,3,35948.3115251856,35984.82421875
2023-07-29,3,34522.7000187336,34352.29296875
2023-07-30,3,34756.4400242475,34800.94921875
2023-07-31,3,35138.4390247423,36356.12890625
2023-08-01,3,37085.294021089,35179.50390625
2023-08-02,3,37462.4970190574,37008.2421875
2023-08-03,3,37206.971019637,36768.99609375
2023-08-04,3,35853.2860181658,35405.171875
2023-08-05,3,33021.0610203533,33726.19921875
2023-08-06,3,33436.4840264687,33626.80859375
2023-08-07,3,34111.4095241472,34986.6015625
2023-08-08,3,33256.6510269829,34712.52734375
2023-08-09,3,34043.9500224983,35075.01953125
2023-08-10,3,34348.7125197451,34554.58984375
2023-08-11,3,33497.2280232665,33855.58984375
2023-08-12,3,33031.6960267149,32711.681640625
2023-08-13,3,33333.0685192361,33421.59375
2023-08-14,3,33928.5065264576,33686.3828125
2023-08-15,3,33490.4910256475,33978.09765625
2023-08-16,3,35465.7620133051,33926.83984375
2023-08-17,3,34430.8285248373,35305.1171875
2023-08-18,3,34280.2280239032,34561.82421875
2023-08-19,3,33482.3110246685,33495.02734375
2023-08-20,3,35043.5340255669,34455.58984375
2023-08-21,3,36521.4160276819,36010.2578125
2023-08-22,3,36372.3665240406,37451.390625
2023-08-23,3,37353.0425229113,37302.6484375
2023-08-24,3,38075.6010214834,38445.0625
2023-08-25,3,37473.0040231128,37070.421875
2023-08-26,3,36593.6445263164,36379.734375
2023-08-27,3,38250.9130201803,37874.23046875
2023-08-28,3,40468.7965230605,39478.0234375
2023-08-29,3,39983.6000247741,41533.6875
2023-08-30,3,40174.4090177831,41614.68359375
2023-08-31,3,39293.3495229401,40896.03515625
2023-09-01,3,38556.7975178068,38413.65234375
2023-09-02,3,42216.8205235375,38555.296875
2023-09-03,3,41539.441522691,42427.5703125
2023-09-04,3,42306.8020258487,42719.86328125
2023-09-05,3,41433.9110222654,43036.359375
2023-09-06,3,42156.3730107613,42553.1875
2023-09-07,3,42262.0170199536,42995.75390625
2023-09-08,3,40318.5300284926,41020.0234375
2023-09-09,3,38580.558023381,39575.83984375
2023-09-10,3,41689.3250201399,41220.953125
2023-09-11,3,44738.2305224965,42916.63671875
2023-09-12,3,43868.7015257722,43862.62890625
2023-09-13,3,43387.4835137483,43586.484375
2023-09-14,3,42434.0040223511,42685.08984375
2023-09-15,3,40854.8620233164,40746.9140625
2023-09-16,3,39690.2770257031,39073.9921875
2023-09-17,3,42866.6130245839,41815.390625
2023-09-18,3,43234.3200231029,43975.3671875
2023-09-19,3,42891.2420227841,43728.01953125
2023-09-20,3,42428.3270170573,43212.0234375
2023-09-21,3,44117.78302167,42106.50390625
2023-09-22,3,41583.2935231115,42003.03515625
2023-09-23,3,39723.57352845,41094.55078125
2023-09-24,3,41396.5925217831,41898.0078125
2023-09-25,3,42460.9560253046,43206.05859375
2023-09-26,3,42582.9830195996,43106.69921875
2023-09-27,3,42498.8510239967,42911.1953125
2023-09-28,3,41510.0300223659,42466.03125
2023-09-29,3,40015.5255235173,39910.24609375
2023-09-30,3,38787.0400171691,38652.578125
2023-10-01,3,41032.940519449,41144.15625
2023-10-02,3,43312.0440264322,42732.90625
2023-10-03,3,44238.1765141992,43619.2734375
2023-10-04,3,43383.9030156438,43838.77734375
2023-10-05,3,42349.0500167751,42705.171875
2023-10-06,3,40613.6390293241,40359.12890625
2023-10-07,3,39570.6045162716,38608.64453125
2023-10-08,3,41687.4470247359,41562.3203125
2023-10-09,3,42896.103520013,43332.9296875
2023-10-10,3,42291.7395168889,43222.23828125
2023-10-11,3,40717.284019207,42264.99609375
2023-10-12,3,37837.9210168285,39916.64453125
2023-10-13,3,37123.6205229257,37991.96484375
2023-10-14,3,38771.3320215249,37621.76953125
2023-10-15,3,43320.9460211116,40966.21875
2023-10-16,3,43951.0510285111,43273.54296875
2023-10-17,3,43801.805017103,43336.1796875
2023-10-18,3,43798.5160066991,43446.91796875
2023-10-19,3,44995.9000125213,43001.34375
2023-10-20,3,42968.7845162094,43466.73046875
2023-10-21,3,41170.9560203248,42741.46484375
2023-10-22,3,45353.6875254199,43678.5859375
2023-10-23,3,45238.8965240059,45556.421875
2023-10-24,3,45258.2830142295,45401.28125
2023-10-25,3,46393.5490105661,45122.984375
2023-10-26,3,46662.5960170726,45567.6015625
2023-10-27,3,42921.6870176932,44099.66796875
2023-10-28,3,42832.0310134672,43046.03515625
2023-10-29,3,47804.7050085617,45927.28125
2023-10-30,3,45104.9685211867,45741.078125
2023-10-31,3,41534.0115193818,45435.43359375
2023-11-01,3,48663.1615152422,44717.734375
2023-11-02,3,46488.3805211958,46492.015625
2023-11-03,3,46289.4870133073,45179.72265625
2023-11-04,3,46562.2330190844,45936.1640625
2023-11-05,3,48994.1555139932,47653.40234375
2023-11-06,3,47041.6255173819,48827.6796875
2023-11-07,3,48136.9450084049,48347.14453125
2023-11-08,3,47345.0715188113,48471.34765625
2023-11-09,3,47038.7435147768,47094.453125
2023-11-10,3,46367.8255115845,45945.20703125
2023-11-11,3,47775.3255150798,46933.078125
2023-11-12,3,48907.1165147207,47517.65234375
2023-11-13,3,46240.266017188,47088.55859375
2023-11-14,3,46389.6765214179,46773.7578125
2023-11-15,3,46087.7495243746,46900.71484375
2023-11-16,3,47156.4530165098,46852.328125
2023-11-17,3,43954.888014428,46093.17578125
2023-11-18,3,43657.3300208497,45090.9765625
2023-11-19,3,47439.6240186467,48087.1328125
2023-11-20,3,49259.9270146493,47137.0859375
2023-11-21,3,50043.9985235622,49391.59375
2023-11-22,3,49915.0625252756,49057.0703125
2023-11-23,3,48017.2300133636,49486.72265625
2023-11-24,3,47047.3025256085,47358.7578125
2023-11-25,3,48448.239516708,49545.94140625
2023-11-26,3,51611.4835268158,54062.64453125
2023-11-27,3,52296.2030177672,50782.8984375
2023-11-28,3,50793.5475218808,49994.27734375
2023-11-29,3,48648.4235147022,49454.24609375
2023-11-30,3,52988.0820200075,48484.01171875
2023-12-01,3,47411.1170221441,49581.01953125
2023-12-02,3,50262.3005123313,50263.59765625
2023-12-03,3,51727.2265205755,52560.74609375
2023-12-04,3,49380.4895150783,49807.45703125
2023-12-05,3,48751.8385140684,50572.33984375
2023-12-06,3,47825.1615136068,49979.6953125
2023-12-07,3,47067.225019173,48701.80859375
2023-12-08,3,44454.773524105,46762.48828125
2023-12-09,3,42887.3040154992,46437.90625
2023-12-10,3,49486.7215161859,47854.19140625
2023-12-11,3,48364.2805128755,48002.51171875
2023-12-12,3,50343.3700218645,48520.36328125
2023-12-13,3,51076.8055022247,49612.99609375
2023-12-14,3,49884.8905221459,49617.69921875
2023-12-15,3,47489.6350193608,47838.23046875
2023-12-16,3,48086.718521036,50017.46875
2023-12-17,3,52770.7050187339,53503.5234375
2023-12-18,3,51725.4485175066,51425.51171875
2023-12-19,3,53600.5015161965,51181.00390625
2023-12-20,3,52888.7135262361,51835.734375
2023-12-21,3,51479.4490189167,51466.5234375
2023-12-22,3,50651.9195141048,50304.890625
2023-12-23,3,53160.2500148697,51798.88671875
2023-12-24,3,50440.1825153533,54185.93359375
2023-12-25,3,45328.9440144477,50946.234375
2023-12-26,3,49629.5990192789,48770.58203125
2023-12-27,3,48075.5610127964,49089.69921875
2023-12-28,3,48341.15851162,49047.50390625
2023-12-29,3,47517.6340140057,47652.5859375
2023-12-30,3,47065.6875143517,49151.50390625
2023-12-31,3,50338.5130181724,48610.73046875
2024-01-01,3,45146.3455145763,48503.37109375
2024-01-02,3,48885.1625232658,47139.41015625
2024-01-03,3,47755.4455158237,48003.07421875
2024-01-04,3,47070.7690162448,48607.92578125
2024-01-05,3,49757.0840203288,46841.76953125
2024-01-06,3,49079.3650133074,50358.16796875
2024-01-07,3,56385.3345153278,54102.109375
2024-01-08,3,53447.5105232495,53290.2890625
2024-01-09,3,54746.7360241943,54555.5703125
2024-01-10,3,56761.9700199257,55594.71484375
2024-01-11,3,55509.3335156139,55821.80859375
2024-01-12,3,51520.5050242549,52716.296875
2024-01-13,3,51222.7210250422,52713.08203125
2024-01-14,3,56393.8985127445,54319.96875
2024-01-15,3,51825.8895285495,53452.640625
2024-01-16,3,51379.3445117775,51748.63671875
2024-01-17,3,49263.7850209416,49994.99609375
2024-01-18,3,48511.8175251461,50281.94140625
2024-01-19,3,48874.3220205524,50269.453125
2024-01-20,3,49714.0240118856,52217.08203125
2024-01-21,3,52277.5495127045,53908.97265625
2024-01-22,3,49557.1220143854,50676.7109375
2024-01-23,3,46436.2350196764,50031.1796875
2024-01-24,3,41107.1970265936,47767.8203125
2024-01-25,3,1402.48299920652,40100.40234375
2024-01-26,3,1255.8400017661,27797.185546875
2024-01-27,3,1303.58400034416,23184.939453125
2024-01-28,3,1278.18600126647,22060.087890625
2024-01-29,3,1282.0979999518,23718.587890625
2024-01-30,3,934.114000880858,23644.61328125
2024-01-31,3,807.682000191067,23571.095703125
2023-07-01,4,7074.10100231518,6925.17236328125
2023-07-02,4,7263.71300553379,7197.1865234375
2023-07-03,4,7227.71250531974,7454.5361328125
2023-07-04,4,7309.97100318538,7396.2919921875
2023-07-05,4,7261.3735035063,7367.07763671875
2023-07-06,4,7188.03300240636,7259.22998046875
2023-07-07,4,6989.53300306341,7036.1787109375
2023-07-08,4,6653.03800001496,6756.56982421875
2023-07-09,4,6943.73950096697,6952.9228515625
2023-07-10,4,7211.52300317469,7053.24462890625
2023-07-11,4,7506.59000382095,7289.3212890625
2023-07-12,4,7292.61600615573,7509.125
2023-07-13,4,7210.29650036828,7255.080078125
2023-07-14,4,6829.87350219279,7182.68310546875
2023-07-15,4,6863.1445031818,6710.65380859375
2023-07-16,4,6780.38200610271,7007.98779296875
2023-07-17,4,7136.50700532121,7050.83154296875
2023-07-18,4,7356.2534991483,7166.81005859375
2023-07-19,4,7463.37850366009,7318.65869140625
2023-07-20,4,7335.92850107595,7365.89111328125
2023-07-21,4,7040.17850479879,7064.607421875
2023-07-22,4,6490.73100368341,6885.58837890625
2023-07-23,4,6641.70850429707,6637.41357421875
2023-07-24,4,7060.67350255174,7026.42626953125
2023-07-25,4,7015.04900430655,7131.9326171875
2023-07-26,4,6910.12250642816,7146.43408203125
2023-07-27,4,6965.36850237567,6941.17578125
2023-07-28,4,6796.41850038781,6709.32177734375
2023-07-29,4,6496.79900220002,6703.66845703125
2023-07-30,4,6448.6135034092,6642.2705078125
2023-07-31,4,6512.83600655815,6687.72705078125
2023-08-01,4,6898.2345008963,6576.2919921875
2023-08-02,4,6938.67050104763,6884.22265625
2023-08-03,4,6827.68050042086,6872.55078125
2023-08-04,4,6721.10250511032,6648.3525390625
2023-08-05,4,6381.38850075693,6616.73583984375
2023-08-06,4,6348.19900446746,6600.5439453125
2023-08-07,4,6405.46450422111,6707.7587890625
2023-08-08,4,6495.76800305606,6570.5283203125
2023-08-09,4,6519.57900405151,6577.1025390625
2023-08-10,4,6411.15300248028,6458.88330078125
2023-08-11,4,6334.24700242607,6250.419921875
2023-08-12,4,6403.55900458654,6236.7724609375
2023-08-13,4,6437.79550392518,6520.138671875
2023-08-14,4,6421.32150402444,6636.40576171875
2023-08-15,4,6456.30650277575,6508.36474609375
2023-08-16,4,6729.77600411058,6551.10693359375
2023-08-17,4,6668.14500259969,6806.6328125
2023-08-18,4,6609.57400184905,6732.54345703125
2023-08-19,4,6552.89050479839,6498.53173828125
2023-08-20,4,6618.49500632263,6680.14697265625
2023-08-21,4,6757.88700537488,6883.00341796875
2023-08-22,4,6801.27900254249,6981.56494140625
2023-08-23,4,7126.7065034312,6987.34130859375
2023-08-24,4,7160.44200284895,7152.912109375
2023-08-25,4,6912.6660014767,7055.62109375
2023-08-26,4,6872.87100331392,6747.1474609375
2023-08-27,4,7061.67450094828,7077.4482421875
2023-08-28,4,7207.77500184986,7338.994140625
2023-08-29,4,7270.81849956198,7405.7548828125
2023-08-30,4,7270.84200409555,7442.84716796875
2023-08-31,4,7088.32050090283,7345.93603515625
2023-09-01,4,7004.9795032416,6979.85009765625
2023-09-02,4,7756.28000220493,6962.64306640625
2023-09-03,4,7631.27350111131,7769.064453125
2023-09-04,4,7381.1420014113,7764.9873046875
2023-09-05,4,7360.74150592124,7529.20703125
2023-09-06,4,7382.34850385005,7483.84814453125
2023-09-07,4,7307.87850422948,7397.05615234375
2023-09-08,4,7113.73750545201,7264.12158203125
2023-09-09,4,6995.12800280342,7134.65380859375
2023-09-10,4,7212.09850153537,7086.646484375
2023-09-11,4,7666.56300138833,7475.66162109375
2023-09-12,4,7534.08349990251,7672.318359375
2023-09-13,4,7507.86100814585,7581.89111328125
2023-09-14,4,7379.46500409883,7471.69287109375
2023-09-15,4,7194.81150494597,7156.2197265625
2023-09-16,4,7147.60900253092,7143.58984375
2023-09-17,4,7423.62649984576,7446.69091796875
2023-09-18,4,7458.23300495069,7573.26123046875
2023-09-19,4,7313.31700451649,7516.88623046875
2023-09-20,4,7382.30300161242,7446.18310546875
2023-09-21,4,7782.38750165212,7347.8037109375
2023-09-22,4,7634.45900067932,7678.6748046875
2023-09-23,4,7345.66200254334,7592.4267578125
2023-09-24,4,7382.33550232311,7518.3642578125
2023-09-25,4,7437.12050368579,7547.33203125
2023-09-26,4,7484.25900537497,7548.81201171875
2023-09-27,4,7575.68900390796,7610.26953125
2023-09-28,4,7357.03000110656,7633.6396484375
2023-09-29,4,7116.08199950447,7320.01953125
2023-09-30,4,6932.87200497824,7013.732421875
2023-10-01,4,7255.36600351892,7033.9560546875
2023-10-02,4,7476.02950183686,7577.94140625
2023-10-03,4,7908.27300200704,7639.2021484375
2023-10-04,4,7590.23350072175,7892.013671875
2023-10-05,4,7518.96050557739,7570.31005859375
2023-10-06,4,7183.17400526616,7355.8759765625
2023-10-07,4,7107.58250057849,7098.82177734375
2023-10-08,4,7252.9874996494,7324.2451171875
2023-10-09,4,7584.79450540815,7512.93017578125
2023-10-10,4,7617.90600279847,7638.54052734375
2023-10-11,4,7292.82450149953,7605.63671875
2023-10-12,4,7046.42650422221,7272.93505859375
2023-10-13,4,6954.26350235916,6907.63916015625
2023-10-14,4,7337.70150212827,6790.5390625
2023-10-15,4,7744.63900331815,7487.12353515625
2023-10-16,4,7908.02799954242,7811.88134765625
2023-10-17,4,7797.64600246714,7740.17578125
2023-10-18,4,7857.99550399825,7709.15283203125
2023-10-19,4,8390.51350439724,7830.68310546875
2023-10-20,4,8169.79300439509,8403.6689453125
2023-10-21,4,8269.69500316237,8391.4833984375
2023-10-22,4,8923.97850507055,8657.2001953125
2023-10-23,4,9135.2815051612,9012.890625
2023-10-24,4,9730.07800118229,9241.4248046875
2023-10-25,4,9691.52350545372,9215.4150390625
2023-10-26,4,10011.1725021329,9297.7041015625
2023-10-27,4,9538.11050044571,9732.6650390625
2023-10-28,4,9069.50900200882,9085.6875
2023-10-29,4,9783.52350757259,8960.9423828125
2023-10-30,4,9401.38950009423,9922.5390625
2023-10-31,4,9325.00700335251,9494.4345703125
2023-11-01,4,10258.254500819,9147.1240234375
2023-11-02,4,10928.4150032258,10356.1640625
2023-11-03,4,12875.0425033418,11285.9404296875
2023-11-04,4,12299.5375072564,11985.2958984375
2023-11-05,4,11958.4619989494,12005.8173828125
2023-11-06,4,12390.9440017489,12101.79296875
2023-11-07,4,14170.3075041489,13716.4091796875
2023-11-08,4,13934.6605043259,14167.0791015625
2023-11-09,4,13153.7794986517,12995.23828125
2023-11-10,4,14148.8580110314,12815.0498046875
2023-11-11,4,13672.5585003182,12413.037109375
2023-11-12,4,11793.0775058973,11890.2392578125
2023-11-13,4,10735.1015014697,10833.7109375
2023-11-14,4,10289.019505551,10338.423828125
2023-11-15,4,10177.0490057804,9939.7861328125
2023-11-16,4,11046.0745043493,10087.501953125
2023-11-17,4,10772.7910053777,10805.56640625
2023-11-18,4,10960.3464991628,10555.0576171875
2023-11-19,4,11395.6865046312,10892.3662109375
2023-11-20,4,13411.0465020229,12238.9873046875
2023-11-21,4,15296.7960035645,14013.9697265625
2023-11-22,4,15724.6270014568,16126.8193359375
2023-11-23,4,16290.354004064,17705.138671875
2023-11-24,4,17030.1135032583,16839.181640625
2023-11-25,4,16422.5655032151,17994.263671875
2023-11-26,4,17850.0049974474,18952.529296875
2023-11-27,4,20408.8350022088,18526.435546875
2023-11-28,4,18464.5099983887,19382.857421875
2023-11-29,4,16595.2649994605,16517.615234375
2023-11-30,4,17217.3620050531,16099.1650390625
2023-12-01,4,17224.5439971408,18080.4765625
2023-12-02,4,19371.8840037489,18842.080078125
2023-12-03,4,20823.1769957187,20111.4609375
2023-12-04,4,19860.2090053713,20346.9765625
2023-12-05,4,20804.4785036453,20964.138671875
2023-12-06,4,20052.226005966,21326.294921875
2023-12-07,4,20964.0355043631,19685.87890625
2023-12-08,4,18869.7410024001,20242.171875
2023-12-09,4,17064.4734978102,17766.234375
2023-12-10,4,16100.6835017737,15570.0390625
2023-12-11,4,14972.3230062545,15348.39453125
2023-12-12,4,16056.18300185,14204.4345703125
2023-12-13,4,18058.8365028681,17450.5859375
2023-12-14,4,19221.7095058336,17793.435546875
2023-12-15,4,17762.4005032259,18176.314453125
2023-12-16,4,18197.8029999398,18525.0390625
2023-12-17,4,21662.8615071159,19607.58984375
2023-12-18,4,23639.9175118367,22549.046875
2023-12-19,4,24358.0234984903,24473.47265625
2023-12-20,4,23306.2865095768,24482.5546875
2023-12-21,4,21986.6125093205,23329.34375
2023-12-22,4,20723.8565041807,21167.841796875
2023-12-23,4,19911.6644987484,20222.5703125
2023-12-24,4,18875.2485010551,20855.9921875
2023-12-25,4,19599.2580004549,19914.5390625
2023-12-26,4,22597.0680035065,20300.7734375
2023-12-27,4,20909.3080062239,20847.279296875
2023-12-28,4,20189.0609963745,19583.38671875
2023-12-29,4,18953.1155013727,19895.51171875
2023-12-30,4,17164.540006671,18495.001953125
2023-12-31,4,18133.0345066988,17808.873046875
2024-01-01,4,17990.903496317,18525.9296875
2024-01-02,4,18981.1295001584,17267.173828125
2024-01-03,4,17031.7349945673,18109.798828125
2024-01-04,4,17761.5755026474,16702.333984375
2024-01-05,4,20359.6270034927,17626.59375
2024-01-06,4,21692.5205013661,20802.416015625
2024-01-07,4,24289.2615016389,22571.201171875
2024-01-08,4,26043.5840064186,26449.953125
2024-01-09,4,28928.4820038819,28392.283203125
2024-01-10,4,29973.8855004067,29320.201171875
2024-01-11,4,30023.5979981257,30430.28515625
2024-01-12,4,27747.8770058983,29308.494140625
2024-01-13,4,25847.8439973975,26976.51171875
2024-01-14,4,23805.7225003426,23492.001953125
2024-01-15,4,22184.3709999886,22809.947265625
2024-01-16,4,20323.8735022832,19176.033203125
2024-01-17,4,16756.8410022465,16521.06640625
2024-01-18,4,16347.6695090469,16958.59375
2024-01-19,4,21587.4455076094,20200.671875
2024-01-20,4,24325.9130067045,24374.779296875
2024-01-21,4,22516.4859948311,24209.271484375
2024-01-22,4,20204.9999962706,20177.33203125
2024-01-23,4,16694.2944945367,19009.759765625
2024-01-24,4,14537.1325141535,16153.6884765625
2024-01-25,4,1371.05299945094,15424.833984375
2024-01-26,4,1255.24800113984,7014.79052734375
2024-01-27,4,1196.77699905343,6288.29931640625
2024-01-28,4,1169.58100097743,7033.1455078125
2024-01-29,4,1138.80800027074,6926.6103515625
2024-01-30,4,989.94800209708,5916.81884765625
2024-01-31,4,964.91600137623,6365.73583984375
2023-07-01,5,2272.47549841786,2189.228515625
2023-07-02,5,2173.03149974393,2247.7255859375
2023-07-03,5,2206.73550110636,2155.20654296875
2023-07-04,5,2194.54499958293,2167.51782226562
2023-07-05,5,2176.46649875899,2185.48999023438
2023-07-06,5,2228.25599731307,2192.70654296875
2023-07-07,5,2289.59750097326,2249.83642578125
2023-07-08,5,2360.45300046052,2272.28100585938
2023-07-09,5,2429.57200307399,2337.94799804688
2023-07-10,5,2363.89400152816,2255.58203125
2023-07-11,5,2296.65000227059,2268.85107421875
2023-07-12,5,2360.53150139411,2238.8837890625
2023-07-13,5,2323.8670024327,2330.41796875
2023-07-14,5,2455.40549977764,2331.58666992188
2023-07-15,5,2428.07750181807,2358.31079101562
2023-07-16,5,2385.86550055642,2299.45556640625
2023-07-17,5,2482.18400171027,2236.43530273438
2023-07-18,5,2423.44399837079,2293.9169921875
2023-07-19,5,2374.00650161272,2276.70385742188
2023-07-20,5,2386.85900113592,2325.48754882812
2023-07-21,5,2287.83050229249,2309.24487304688
2023-07-22,5,2232.03650082869,2253.05224609375
2023-07-23,5,2323.34650084528,2256.7978515625
2023-07-24,5,2242.03450093768,2222.69384765625
2023-07-25,5,2183.40350276104,2158.62329101562
2023-07-26,5,2188.20500130637,2170.83276367188
2023-07-27,5,2301.13049992535,2162.451171875
2023-07-28,5,2272.4750011455,2246.23291015625
2023-07-29,5,2275.85850126785,2241.07421875
2023-07-30,5,2286.49950389192,2214.53833007812
2023-07-31,5,2168.01950348529,2207.3291015625
2023-08-01,5,2202.82950098289,2125.07055664062
2023-08-02,5,2274.19250033621,2199.78344726562
2023-08-03,5,2298.66449974605,2250.25439453125
2023-08-04,5,2208.31750252016,2204.57592773438
2023-08-05,5,2182.09700011241,2151.6083984375
2023-08-06,5,2139.56450178695,2176.16943359375
2023-08-07,5,2163.01200068905,2134.80639648438
2023-08-08,5,2319.96199914196,2133.0498046875
2023-08-09,5,2345.46400101937,2329.54833984375
2023-08-10,5,2346.17700239667,2295.6279296875
2023-08-11,5,2420.70999886724,2351.41821289062
2023-08-12,5,2413.74300396955,2365.703125
2023-08-13,5,2420.1045008275,2337.68139648438
2023-08-14,5,2436.39800297807,2236.3515625
2023-08-15,5,2335.31800036656,2286.51806640625
2023-08-16,5,2333.27350074681,2294.22973632812
2023-08-17,5,2298.01350078324,2327.25830078125
2023-08-18,5,2367.22650286206,2324.75073242188
2023-08-19,5,2359.2565007105,2386.9853515625
2023-08-20,5,2316.44600225403,2322.1396484375
2023-08-21,5,2429.86700228951,2276.50952148438
2023-08-22,5,2450.9075002789,2323.89306640625
2023-08-23,5,2540.14750175376,2387.02734375
2023-08-24,5,2689.24500250525,2433.3994140625
2023-08-25,5,2596.62200056424,2478.2197265625
2023-08-26,5,2408.16249860474,2400.89721679688
2023-08-27,5,2323.39700231096,2259.96484375
2023-08-28,5,2380.77950252045,2231.62573242188
2023-08-29,5,2392.21150441444,2279.80395507812
2023-08-30,5,2247.74599988293,2266.62768554688
2023-08-31,5,2271.83300108521,2177.7421875
2023-09-01,5,2153.81800584029,2207.8427734375
2023-09-02,5,2456.2475031662,2138.2587890625
2023-09-03,5,2383.89500220073,2325.98168945312
2023-09-04,5,2252.26050278556,2285.22729492188
2023-09-05,5,2282.41599965596,2203.60986328125
2023-09-06,5,2306.33449813421,2248.1083984375
2023-09-07,5,2418.62799815764,2273.48657226562
2023-09-08,5,2397.84400109807,2350.736328125
2023-09-09,5,2467.43200261658,2323.92211914062
2023-09-10,5,2412.15950271452,2352.19189453125
2023-09-11,5,2396.78450108203,2235.451171875
2023-09-12,5,2399.48250097071,2195.75415039062
2023-09-13,5,2397.46900296339,2206.57348632812
2023-09-14,5,2483.52200053469,2235.638671875
2023-09-15,5,2440.52399989602,2293.765625
2023-09-16,5,2592.27850033436,2309.59252929688
2023-09-17,5,2538.27850171062,2371.69189453125
2023-09-18,5,2334.43899822049,2268.291015625
2023-09-19,5,2312.56200030295,2221.8779296875
2023-09-20,5,2303.7115023213,2178.36254882812
2023-09-21,5,2544.89000266767,2181.41186523438
2023-09-22,5,2495.48099915823,2351.66381835938
2023-09-23,5,2363.65700167813,2330.716796875
2023-09-24,5,2358.68500185839,2222.3369140625
2023-09-25,5,2363.8180020384,2178.07080078125
2023-09-26,5,2276.49750048434,2206.7216796875
2023-09-27,5,2369.54950210406,2176.72143554688
2023-09-28,5,2394.78200157732,2254.24462890625
2023-09-29,5,2334.74599871854,2236.97607421875
2023-09-30,5,2226.74799964332,2261.16381835938
2023-10-01,5,2211.52750096179,2140.5634765625
2023-10-02,5,2272.29950099997,2145.64233398438
2023-10-03,5,2228.55050083622,2147.2548828125
2023-10-04,5,2316.53649882867,2126.75952148438
2023-10-05,5,2185.00700502296,2185.05737304688
2023-10-06,5,2309.73950075975,2028.35949707031
2023-10-07,5,2316.82650131744,2196.19262695312
2023-10-08,5,2239.05300164165,2197.89477539062
2023-10-09,5,2308.92000251112,2126.22802734375
2023-10-10,5,2297.66150417994,2162.60009765625
2023-10-11,5,2371.89650334779,2188.40014648438
2023-10-12,5,2433.29350265244,2256.02514648438
2023-10-13,5,2346.55950120615,2300.85424804688
2023-10-14,5,2443.51550034224,2198.99584960938
2023-10-15,5,2448.75200026482,2203.67944335938
2023-10-16,5,2357.38399987749,2212.55419921875
2023-10-17,5,2198.98100187199,2234.06298828125
2023-10-18,5,2293.81950441876,2095.8994140625
2023-10-19,5,2648.56550143787,2164.56762695312
2023-10-20,5,2630.23650463659,2473.60424804688
2023-10-21,5,2424.23700143362,2488.87622070312
2023-10-22,5,2332.22449944576,2268.94921875
2023-10-23,5,2443.87049955677,2255.64916992188
2023-10-24,5,2465.2959973769,2314.22583007812
2023-10-25,5,2654.56199937977,2346.46752929688
2023-10-26,5,2907.72950277105,2525.67919921875
2023-10-27,5,2689.16400078486,2538.54418945312
2023-10-28,5,2380.32149954431,2501.88134765625
2023-10-29,5,2682.14850210992,2338.43139648438
2023-10-30,5,2676.23249966372,2548.16088867188
2023-10-31,5,2724.5775034813,2530.04663085938
2023-11-01,5,2680.68949836295,2559.71313476562
2023-11-02,5,3091.3545035905,2522.79809570312
2023-11-03,5,3589.10700034583,2838.79077148438
2023-11-04,5,3288.12700231385,3085.73217773438
2023-11-05,5,3094.45850176516,3075.23461914062
2023-11-06,5,3151.63450133009,2952.96875
2023-11-07,5,3473.07800128462,3053.15356445312
2023-11-08,5,3264.24499886809,3294.6103515625
2023-11-09,5,3156.46100239223,3099.24755859375
2023-11-10,5,3640.41599839798,3009.87475585938
2023-11-11,5,3689.00399873371,3279.24365234375
2023-11-12,5,3118.48150338361,3210.85961914062
2023-11-13,5,2791.55899993796,2827.63940429688
2023-11-14,5,2613.65650008467,2673.60400390625
2023-11-15,5,2669.73650161573,2597.30712890625
2023-11-16,5,2886.86650151957,2610.95239257812
2023-11-17,5,2905.72550175351,2676.3525390625
2023-11-18,5,2830.54700200248,2678.14916992188
2023-11-19,5,2990.44850193686,2672.79760742188
2023-11-20,5,3337.78850005229,2743.376953125
2023-11-21,5,3809.41450051707,3284.48266601562
2023-11-22,5,4056.26799845032,3621.81298828125
2023-11-23,5,3706.79649960354,3773.67626953125
2023-11-24,5,3877.92649828258,3612.23583984375
2023-11-25,5,4099.96700059238,3785.89086914062
2023-11-26,5,4070.77950038901,3829.166015625
2023-11-27,5,4719.22200486576,3671.03857421875
2023-11-28,5,4442.40850098722,7946.7294921875
2023-11-29,5,4094.69550338946,7472.98046875
2023-11-30,5,4313.68750152155,5875.5625
2023-12-01,5,4150.65200183773,5329.41064453125
2023-12-02,5,4410.3390044251,5404.1044921875
2023-12-03,5,4563.91450288112,6164.68505859375
2023-12-04,5,4391.8000035513,6687.0712890625
2023-12-05,5,4672.13500216149,6770.05810546875
2023-12-06,5,4505.48949898942,6760.11328125
2023-12-07,5,5144.07199793065,6559.896484375
2023-12-08,5,4901.21749963332,6043.50244140625
2023-12-09,5,4539.32049731561,8675.8583984375
2023-12-10,5,4234.42549996811,8175.72802734375
2023-12-11,5,3794.5559979094,8817.541015625
2023-12-12,5,4248.97849840752,8818.9638671875
2023-12-13,5,4696.47450047825,6707.18115234375
2023-12-14,5,4719.9735012782,6458.01416015625
2023-12-15,5,4573.63699954585,5994.1923828125
2023-12-16,5,4364.0625001553,6109.53662109375
2023-12-17,5,4938.81749690918,6113.50048828125
2023-12-18,5,5278.41450030729,4850.32080078125
2023-12-19,5,5492.37299938244,6771.3447265625
2023-12-20,5,5441.47499975131,6742.0625
2023-12-21,5,5155.3585013526,6423.43798828125
2023-12-22,5,4828.85350278451,5992.16015625
2023-12-23,5,4946.45150275307,6030.76123046875
2023-12-24,5,4619.64950180706,6092.72900390625
2023-12-25,5,4705.19950180862,6606.59619140625
2023-12-26,5,5317.09950426582,6707.94970703125
2023-12-27,5,5139.91500105534,6640.8798828125
2023-12-28,5,5442.78550102748,6472.3310546875
2023-12-29,5,5004.57000037318,5996.49169921875
2023-12-30,5,4858.3599970222,6016.44287109375
2023-12-31,5,4589.87700454041,5975.947265625
2024-01-01,5,4558.46900070459,6641.986328125
2024-01-02,5,4877.7865017869,9380.0732421875
2024-01-03,5,4445.32850290171,9637.0185546875
2024-01-04,5,4417.42750030267,6567.4814453125
2024-01-05,5,4769.84400112566,6083.32470703125
2024-01-06,5,4961.70400132763,6201.5810546875
2024-01-07,5,5511.33350179833,6231.02197265625
2024-01-08,5,5618.25849782862,6799.99609375
2024-01-09,5,6002.09999970673,7033.263671875
2024-01-10,5,6282.73100354336,7014.76220703125
2024-01-11,5,6248.0744958038,6621.97021484375
2024-01-12,5,5788.2004987878,6172.90234375
2024-01-13,5,5773.373006084,6142.9794921875
2024-01-14,5,5195.73499605432,6070.9443359375
2024-01-15,5,4828.41649785044,9402.83203125
2024-01-16,5,4824.75000360154,9207.5234375
2024-01-17,5,4220.45100193529,9135.46875
2024-01-18,5,3936.69650415808,9485.3642578125
2024-01-19,5,4811.12349938077,6361.54833984375
2024-01-20,5,5148.93550259585,6232.24462890625
2024-01-21,5,4532.43399846659,5554.86279296875
2024-01-22,5,4297.06049925648,8731.9638671875
2024-01-23,5,3908.37400097738,8763.5654296875
2024-01-24,5,3402.54149962612,8795.84375
2024-01-25,5,304.905999307986,4531.1201171875
2024-01-26,5,292.069000196992,2245.64501953125
2024-01-27,5,355.221000164514,2011.34143066406
2024-01-28,5,298.261000584811,1811.50854492188
2024-01-29,5,264.306999423774,1572.33776855469
2024-01-30,5,217.265000283718,1486.2626953125
2024-01-31,5,275.70200040855,1429.626953125
2023-07-01,6,8058.49549774558,7976.326171875
2023-07-02,6,7950.57400036906,8080.56005859375
2023-07-03,6,7851.86200601188,7937.62548828125
2023-07-04,6,7996.15250689117,7902.63134765625
2023-07-05,6,8021.52850390214,7998.421875
2023-07-06,6,7972.72000247834,7973.94921875
2023-07-07,6,8008.51349497843,7991.83544921875
2023-07-08,6,7825.62950352475,8032.87939453125
2023-07-09,6,7956.77699637285,7884.09326171875
2023-07-10,6,7771.62999618065,7945.8857421875
2023-07-11,6,7988.05949764804,7930.7763671875
2023-07-12,6,8168.93999395147,8070.99169921875
2023-07-13,6,8191.02500042494,8176.7587890625
2023-07-14,6,8049.20850300102,8247.013671875
2023-07-15,6,8289.03050571319,8049.078125
2023-07-16,6,8296.03950129007,8209.75390625
2023-07-17,6,8103.48849765013,8197.296875
2023-07-18,6,8148.71600156359,8189.412109375
2023-07-19,6,8120.25149929302,8149.63916015625
2023-07-20,6,8150.69900583767,8110.2685546875
2023-07-21,6,8213.49549956596,8120.72265625
2023-07-22,6,8387.86300167127,8239.1279296875
2023-07-23,6,8335.46599937184,8361.666015625
2023-07-24,6,8136.01650271937,8279.5791015625
2023-07-25,6,8332.53900702088,8203.2392578125
2023-07-26,6,8169.23150223005,8315.072265625
2023-07-27,6,8370.37649809464,8217.3515625
2023-07-28,6,8168.46149633289,8307.5390625
2023-07-29,6,8457.94900747645,8281.3916015625
2023-07-30,6,8375.86748841382,8496.337890625
2023-07-31,6,8298.31849777629,8421.0166015625
2023-08-01,6,8462.08000461326,8315.9560546875
2023-08-02,6,8610.07099695154,8402.1552734375
2023-08-03,6,8555.66949790774,8539.935546875
2023-08-04,6,8660.24350070173,8504.40234375
2023-08-05,6,8770.26100913365,8662.869140625
2023-08-06,6,8624.10250602139,8824.3544921875
2023-08-07,6,8560.92900243425,8551.7939453125
2023-08-08,6,8620.91950290627,8579.904296875
2023-08-09,6,8613.19350189401,8588.423828125
2023-08-10,6,8686.36650295334,8590.1572265625
2023-08-11,6,8765.77499625995,8782.98828125
2023-08-12,6,8865.69599837076,8870.4716796875
2023-08-13,6,8925.69598793692,8968.1884765625
2023-08-14,6,8858.2310004941,8825.4560546875
2023-08-15,6,9098.61750371766,8953.4208984375
2023-08-16,6,8979.31500019354,9126.669921875
2023-08-17,6,9150.25500086183,8969.2646484375
2023-08-18,6,8997.92700193461,9186.26953125
2023-08-19,6,8968.2315037644,9121.3349609375
2023-08-20,6,9087.3039994546,9027.2431640625
2023-08-21,6,8892.95699798525,9062.509765625
2023-08-22,6,9026.12999981956,8987.767578125
2023-08-23,6,8962.08499409142,9075.412109375
2023-08-24,6,8997.36200387089,8984.5009765625
2023-08-25,6,9153.1200029786,8975.5576171875
2023-08-26,6,9292.73999666225,9182.8779296875
2023-08-27,6,9414.61599846708,9318.478515625
2023-08-28,6,9173.56800779805,9270.287109375
2023-08-29,6,9356.39600523678,9169.3955078125
2023-08-30,6,9435.05550262576,9376.1455078125
2023-08-31,6,9396.41898964299,9327.8232421875
2023-09-01,6,9416.17949863849,9353.177734375
2023-09-02,6,9642.23800556117,9557.4404296875
2023-09-03,6,9608.11750421114,9638.82421875
2023-09-04,6,9452.5070042701,9536.4814453125
2023-09-05,6,9379.24499617028,9514.392578125
2023-09-06,6,9580.79849354585,9478.1552734375
2023-09-07,6,9646.68300152395,9538.2158203125
2023-09-08,6,9633.51399608422,9689.6201171875
2023-09-09,6,9711.54149638035,9804.9697265625
2023-09-10,6,9794.29949333798,9760.3349609375
2023-09-11,6,9679.33500824543,9721.689453125
2023-09-12,6,9723.45250105136,9769.021484375
2023-09-13,6,9877.17349922331,9773.4013671875
2023-09-14,6,9879.88899745874,9807.470703125
2023-09-15,6,9948.30050179013,9800.8505859375
2023-09-16,6,10134.9344932617,9979.0224609375
2023-09-17,6,10147.9895011148,10038.3876953125
2023-09-18,6,10097.8134953845,9917.421875
2023-09-19,6,10073.0185031496,10045.0166015625
2023-09-20,6,10279.8725056751,10071.353515625
2023-09-21,6,10499.8244952663,10220.44140625
2023-09-22,6,10343.444989768,10542.484375
2023-09-23,6,10363.5775008394,10592.8232421875
2023-09-24,6,10525.6384926492,10347.8095703125
2023-09-25,6,10331.2699995289,10520.3818359375
2023-09-26,6,10375.8939992141,10563.5791015625
2023-09-27,6,10632.6699980479,10434.703125
2023-09-28,6,10514.6364982378,10642.44921875
2023-09-29,6,10437.8520001593,10764.4736328125
2023-09-30,6,10622.4995076361,10817.89453125
2023-10-01,6,10888.4760149892,10770.4462890625
2023-10-02,6,10706.2335099106,10986.8994140625
2023-10-03,6,10901.6035002082,10793.8974609375
2023-10-04,6,11016.1109902479,11002.9423828125
2023-10-05,6,10899.4359993302,11080.458984375
2023-10-06,6,10838.2275002836,11009.4755859375
2023-10-07,6,10827.4545028042,10944.5439453125
2023-10-08,6,10995.8079964779,10800.443359375
2023-10-09,6,10796.3085044274,10931.0771484375
2023-10-10,6,10943.7780004302,10899.236328125
2023-10-11,6,10917.4135076891,10973.375
2023-10-12,6,10972.8319933105,11027.29296875
2023-10-13,6,10913.7674965009,11021.34765625
2023-10-14,6,11230.9739898101,11176.1240234375
2023-10-15,6,11211.302000236,11277.7001953125
2023-10-16,6,10980.0474969373,11139.1962890625
2023-10-17,6,11059.6985061219,11125.0986328125
2023-10-18,6,11298.0370058984,11113.9111328125
2023-10-19,6,11376.0114994427,11301.376953125
2023-10-20,6,11441.1310071839,11460.15234375
2023-10-21,6,11788.4679922856,11687.3564453125
2023-10-22,6,11668.001013988,11710.3671875
2023-10-23,6,11576.9089989989,11485.353515625
2023-10-24,6,11660.4320033659,11701.396484375
2023-10-25,6,11786.5570101235,11797.4765625
2023-10-26,6,11772.1484992378,11909.0107421875
2023-10-27,6,11835.2094986319,11947.3798828125
2023-10-28,6,11905.0464975029,12137.775390625
2023-10-29,6,13222.6814809169,12065.6162109375
2023-10-30,6,11753.7819985611,12803.40625
2023-10-31,6,12003.8614976205,11983.228515625
2023-11-01,6,12274.1700082485,12150.4794921875
2023-11-02,6,12173.2310010112,12434.9599609375
2023-11-03,6,12587.3635032232,12314.6767578125
2023-11-04,6,12904.8965011638,12786.6552734375
2023-11-05,6,12729.5424986099,12830.86328125
2023-11-06,6,12361.0845033682,12503.8740234375
2023-11-07,6,12941.5479929713,12538.19921875
2023-11-08,6,12997.1565023059,12850.662109375
2023-11-09,6,12907.0919978837,12875.5234375
2023-11-10,6,13011.6614971348,12871.865234375
2023-11-11,6,13200.8319919284,12954.7509765625
2023-11-12,6,12955.5690000651,12884.5234375
2023-11-13,6,12475.4509957248,12752.2861328125
2023-11-14,6,12567.893485233,12568.9990234375
2023-11-15,6,12598.3524987783,12627.78125
2023-11-16,6,12714.8184919952,12634.8388671875
2023-11-17,6,12703.4634965654,12638.87109375
2023-11-18,6,12955.3154951679,12761.9453125
2023-11-19,6,12949.669499809,12789.9853515625
2023-11-20,6,12981.9089872087,12713.60546875
2023-11-21,6,13398.6239984821,12904.744140625
2023-11-22,6,13480.3524902946,13198.6630859375
2023-11-23,6,13489.1874936383,13421.201171875
2023-11-24,6,13634.6449970547,13582.40234375
2023-11-25,6,13916.4814972549,13879.3642578125
2023-11-26,6,14173.389493756,13963.6806640625
2023-11-27,6,13861.4305003597,14191.4599609375
2023-11-28,6,14018.0144992409,14052.5849609375
2023-11-29,6,13790.3820064799,14068.2421875
2023-11-30,6,13821.4380024764,13868.4013671875
2023-12-01,6,13876.0265018151,14225.3095703125
2023-12-02,6,14378.4635051434,14372.48828125
2023-12-03,6,14237.9785019932,14710.5908203125
2023-12-04,6,13804.1434939752,14457.3583984375
2023-12-05,6,14141.8964970347,14125.4208984375
2023-12-06,6,14116.1535025878,14377.556640625
2023-12-07,6,14192.8710016911,14447.8974609375
2023-12-08,6,14103.9109984839,14693.4404296875
2023-12-09,6,14064.2425011431,14363.876953125
2023-12-10,6,14063.1309927709,14190.888671875
2023-12-11,6,13574.6235103945,13975.240234375
2023-12-12,6,14038.2385028413,13764.3046875
2023-12-13,6,14302.766502724,14182.56640625
2023-12-14,6,14569.7210078816,14558.080078125
2023-12-15,6,14468.1229962888,14782.736328125
2023-12-16,6,14228.3820121672,15168.1142578125
2023-12-17,6,14340.5385068187,14857.4150390625
2023-12-18,6,14285.4690111852,14541.01171875
2023-12-19,6,14770.3859963756,15027.1025390625
2023-12-20,6,14686.3210054727,15114.2861328125
2023-12-21,6,14741.3754902042,15056.431640625
2023-12-22,6,14770.8154954469,14993.677734375
2023-12-23,6,14836.4804898408,15070.2431640625
2023-12-24,6,14493.6179951363,15192.193359375
2023-12-25,6,14119.1745014502,14911.029296875
2023-12-26,6,14364.2810111271,14675.228515625
2023-12-27,6,14666.8810004808,14951.25
2023-12-28,6,14615.7220032549,15195.599609375
2023-12-29,6,14575.4894983781,15129.9716796875
2023-12-30,6,14301.4929976842,15075.98828125
2023-12-31,6,14644.3920011378,14760.9951171875
2024-01-01,6,14244.570513472,14691.4267578125
2024-01-02,6,14059.5440101258,14510.6357421875
2024-01-03,6,14010.4850051438,14054.384765625
2024-01-04,6,14098.3260009623,14303.5654296875
2024-01-05,6,14344.1160069345,14414.4052734375
2024-01-06,6,14635.7980164208,14834.9248046875
2024-01-07,6,14750.269000011,15019.56640625
2024-01-08,6,14259.4770056265,14888.044921875
2024-01-09,6,14687.5780045125,14961.1708984375
2024-01-10,6,15039.4080037816,15070.3212890625
2024-01-11,6,14876.1379992962,15544.0126953125
2024-01-12,6,14948.1650106133,15506.1015625
2024-01-13,6,14918.1830052692,15477.435546875
2024-01-14,6,14770.1070041399,15117.0615234375
2024-01-15,6,14131.7540071072,14635.072265625
2024-01-16,6,13957.33799302,14266.888671875
2024-01-17,6,13719.2460050629,13966.185546875
2024-01-18,6,13303.3939945926,13628.703125
2024-01-19,6,13814.930998435,13753.943359375
2024-01-20,6,14514.702012355,14441.9140625
2024-01-21,6,14186.4579950057,14919.34765625
2024-01-22,6,13160.4180026158,14288.5947265625
2024-01-23,6,12848.0699927724,13262.5771484375
2024-01-24,6,11256.5280026153,13011.8857421875
2024-01-25,6,184.739000222413,11207.7021484375
2024-01-26,6,145.95900021866,7315.88671875
2024-01-27,6,186.597999390098,6771.4306640625
2024-01-28,6,135.51800021797,6297.30126953125
2024-01-29,6,133.301999970921,6207.69287109375
2024-01-30,6,84.5959991344716,6212.5224609375
2024-01-31,6,106.87200000661,6106.68017578125
