"date","actual","naive","snaive7","snaive365","ets","arimax","rf","xgb","xgb_q05","xgb_q95","lgbm","stack","ensemble","conformal_lo","conformal_hi"
2023-07-01,89847.5750334101,92166.2950319136,89713.7145459964,100238.787062288,91765.8907492429,90197.4940285994,91937.3894823876,90068.6507069783,88579.7838986974,97581.2610190502,91036.9327706732,90790.1077638313,91014.324320013,84401.3990855729,95735.9023283836
2023-07-02,91649.7140461882,92166.2950319136,92722.5925360851,96419.6285396609,93781.3596959562,91622.2379008372,91806.2018126531,89375.7349770635,88049.2569837554,97581.2610190502,90040.2031028188,90690.274850353,90407.3799641785,83708.4833556581,95042.9865984688
2023-07-03,94906.245540448,92166.2950319136,97265.0765415644,100612.217032967,95590.6666862349,94656.3242631961,94211.3741292018,94660.2742388736,90415.0509952569,97794.6984461291,93652.0469862541,94304.4662527366,94174.5651181098,88993.0226174683,100327.525860279
2023-07-04,96219.4445477838,92166.2950319136,97126.1410499623,104243.081530305,96014.4511597633,94973.6506310895,96212.2405119713,95618.31436061,92302.865648643,101728.265622205,95584.4264547188,95592.2952599609,95804.9937757667,89951.0627392046,101285.565982015
2023-07-05,96057.6670319608,92166.2950319136,96665.8950201136,105927.105038743,95163.454752578,95246.4618878219,96531.4073990602,95083.9823165456,92197.1168242146,102339.748304201,95536.2823098715,95585.8636214634,95717.2240084924,89416.7306951403,100751.233937951
2023-07-06,95369.4565467451,92166.2950319136,96260.2400305456,105681.113045809,94236.0245513175,94813.7810160343,95368.9278854181,94845.4306623395,92083.058218705,102116.391384107,95322.4410043327,95080.7569959842,95178.9331840301,89178.1790409342,100512.682283745
2023-07-07,93667.4930306209,92166.2950319136,92080.8055466606,102458.506533426,92166.2951839754,93814.9632314663,93846.2086086832,93078.2846505238,91658.5604956834,101496.6600247,93571.5183891683,93569.4946392876,93498.6705494584,87411.0330291185,98745.5362719291
2023-07-08,89344.5450401121,92166.2950319136,89713.7145459964,100812.445052204,91765.8907492429,91466.7773750518,93550.8790127345,92232.3822843439,91546.8269544347,98602.3345704601,93166.544864484,92587.8492041508,92983.2687205208,86565.1306629386,97899.6339057493
2023-07-09,92548.7590317344,92166.2950319136,92722.5925360851,97267.1085417622,93781.3596959562,92335.3470041484,91678.5512816766,89649.2497307468,88495.3469492406,97581.2610190502,89932.1480893926,90883.708392397,90419.9830339387,83981.9981093415,95316.5013521521
2023-07-10,95494.3890442635,92166.2950319136,97265.0765415644,98841.0745532117,95590.6666862349,95364.0793978339,94427.3094332076,93697.7133871444,90367.2074144983,97581.2610190502,93285.9687520133,94191.9566517827,93803.6638574551,88030.461765739,99364.9650085497
2023-07-11,98925.8830357888,92166.2950319136,97126.1410499623,104403.752535489,96014.4511597633,95355.1822016582,96156.2820768153,95554.1383687572,92396.3104400125,101506.24325253,95603.3324785049,95662.1655484621,95771.2509746925,89886.8867473519,101221.389990163
2023-07-12,95866.9435457113,92166.2950319136,96665.8950201136,106323.598527222,95163.454752578,95287.627759279,97697.4525003185,97681.5399555134,93613.5758965675,103701.658220896,98157.0471213886,97201.0539305659,97845.3465257402,92014.288334108,103348.791576919
2023-07-13,95265.7460470533,92166.2950319136,96260.2400305456,107458.364031545,94236.0245513175,95227.9270018233,95017.4910763402,94535.3244802821,91797.5656353375,102116.391384107,94983.7190344477,94935.2899891729,94845.5115303567,88868.0728588768,100202.576101687
2023-07-14,93715.9925368223,92166.2950319136,92080.8055466606,107551.817026397,92166.2951839754,95183.6914716845,94195.310085013,94217.9652595472,91497.6864130957,102252.23876974,94483.5452501043,94519.4818020848,94298.9401982215,88550.7136381419,99885.2168809525
2023-07-15,92020.285051143,92166.2950319136,89713.7145459964,106568.201559146,91765.8907492429,92425.3235653901,93395.5970650333,92941.6833077679,92012.479446622,99412.2792193676,93754.923752984,93120.6339125158,93364.0680419284,87274.4316863626,98608.9349291733
2023-07-16,90355.0630492151,92166.2950319136,92722.5925360851,103310.15053163,93781.3596959562,92857.660606025,92182.1345368015,91074.3237669257,89388.0098466076,97581.2610190502,91965.171979612,92007.4234466273,91740.5434277797,85407.0721455204,96741.575388331
2023-07-17,95277.4245456959,92166.2950319136,97265.0765415644,104639.90103181,95590.6666862349,95475.8328170298,93211.7715154305,92872.3064036697,90153.9009615716,97581.2610190502,92539.3365272065,93526.2650741996,92874.4714821022,87205.0547822644,98539.558025075
2023-07-18,97207.5065306453,92166.2950319136,97126.1410499623,112302.614558195,96014.4511597633,95816.5556665898,96014.0919454551,95662.2778920289,92314.8382093775,102116.391384107,95731.881916882,95803.2112908999,95802.7505847887,89995.0262706236,101329.529513434
2023-07-19,97508.1525340393,92166.2950319136,96665.8950201136,108628.951031371,95163.454752578,95711.1895979536,96490.0783973342,95265.4247429741,92772.8060649083,102116.391384107,95954.5944533358,95842.1697211743,95903.365864548,89598.1731215687,100932.676364379
2023-07-20,95817.1660535219,92166.2950319136,96260.2400305456,106954.775534204,94236.0245513175,95659.1933965644,96367.8567278609,95426.5526190024,92778.0262955384,102289.204122758,95396.3630081039,95705.6398126161,95730.2574516558,89759.3009975971,101093.804240408
2023-07-21,93504.8180468096,92166.2950319136,92080.8055466606,105537.616530377,92166.2951839754,95371.6023168164,93952.3430952846,93433.5865141853,91492.4509660514,102106.750552619,94046.2421413433,94194.8449593154,93810.7239169377,87766.3348927799,99100.8381355906
2023-07-22,88141.5705434935,92166.2950319136,89713.7145459964,105430.167547138,91765.8907492429,93288.4521484153,93193.7256037825,92071.0279110478,91409.7706499458,99369.3405204361,93164.5323496304,92915.2612391727,92809.7619548202,86403.7762896424,97738.2795324531
2023-07-23,88787.6595476174,92166.2950319136,92722.5925360851,97241.6455374737,93781.3596959562,93684.301186763,90726.4839813038,88075.2079292587,86354.7753748901,97581.2610190502,89158.343926188,90388.7400519023,89320.0119455835,82407.9563078534,93742.4595506641
2023-07-24,93033.8580622112,92166.2950319136,97265.0765415644,94678.0820312831,95590.6666862349,95976.4069484723,92098.8852439156,90836.4751939509,88295.4684536801,97581.2610190502,91511.918850993,92596.2883342093,91482.4264296198,85169.2235725455,96503.7268153562
2023-07-25,89576.7715611323,92166.2950319136,97126.1410499623,97685.5525329594,96014.4511597633,94393.7332182313,92683.3233409167,90183.2243683612,89471.5066136014,97794.6984461291,91519.2149577379,92171.0680682297,91461.9208890053,84515.9727469558,95850.4759897665
2023-07-26,91179.7040591546,92166.2950319136,96665.8950201136,102383.343069942,95163.454752578,96222.8013700562,90978.9546263689,91240.3702858995,88666.8381828238,97581.2610190502,90258.6522961654,92187.0185408882,90825.9924028113,85573.1186644941,96907.6219073048
2023-07-27,93096.6105346448,92166.2950319136,96260.2400305456,101483.92303743,94236.0245513175,96327.2440689942,91092.2352099803,91188.524348993,89097.9562629653,97581.2610190502,90504.7222149441,92287.0837721665,90928.4939246392,85521.2727275877,96855.7759703984
2023-07-28,90685.6755347287,92166.2950319136,92080.8055466606,101242.771537426,92166.2951839754,96446.9452899902,92003.042697182,90741.1463170186,88912.9110630978,97581.2610190502,90806.5100502172,92493.875479696,91183.566354806,85073.8946956133,96408.397938424
2023-07-29,88408.5050438789,92166.2950319136,89713.7145459964,100735.989053392,91765.8907492429,94245.6991468119,90866.3868719226,89190.963469164,88612.0600749828,97581.2610190502,89673.0160915612,90982.3043870358,89910.1221442159,83523.7118477587,94858.2150905693
2023-07-30,87883.6390349322,92166.2950319136,92722.5925360851,98168.8525492152,93781.3596959562,94365.5043215583,89556.6239700076,88235.2816329722,87161.1516138463,97581.2610190502,88631.7212929585,90189.6505860874,88807.8756319794,82568.0300115668,93902.5332543775
2023-07-31,87439.040548987,92166.2950319136,97265.0765415644,97591.6980471748,95590.6666862349,96747.3920124958,89571.104620489,88342.04669389,87711.0003410427,97581.2610190502,88329.6047141088,90744.860908105,88747.5853428292,82674.7950724846,94009.2983152953
2023-08-01,91963.9570394213,92166.2950319136,97126.1410499623,100805.280039522,96014.4511597633,96866.3528048315,88666.1218075508,88090.4965311967,85324.4476109574,97581.2610190502,87907.7089714294,90386.3152892186,88221.4424367256,82423.2449097913,93757.748152602
2023-08-02,93219.4980375671,92166.2950319136,96665.8950201136,99613.331544895,95163.454752578,97217.4668010436,91599.9100390854,91047.315495043,89331.7638678911,97581.2610190502,90786.7749826443,92665.0846784319,91144.6668389243,85380.0638736377,96714.5671164484
2023-08-03,91705.2680327002,92166.2950319136,96260.2400305456,101560.66603655,94236.0245513175,97070.6917222041,92531.5850401596,92992.8409595715,91934.8526702798,98602.3345704601,92983.504535222,93901.484700704,92835.9768449844,87325.5893381662,98660.0925809768
2023-08-04,89214.8125431207,92166.2950319136,92080.8055466606,101335.2445368,92166.2951839754,97057.6060422987,90763.5381813795,89834.4565877695,88832.9006857107,97581.2610190502,90363.8045217872,92000.3000614079,90320.5997636454,84167.2049663642,95501.7082091749
2023-08-05,84414.0430603583,92166.2950319136,89713.7145459964,98101.5770302598,91765.8907492429,95008.7947494849,89208.9976842489,86624.5801172152,87277.7698348606,97581.2610190502,88087.9780557493,89710.6873726412,87973.8519524045,80957.3284958099,92291.8317386205
2023-08-06,84121.278557538,92166.2950319136,92722.5925360851,92938.0090265417,93781.3596959562,95226.7822277886,84516.68515169,83964.9162771202,82425.4072129866,97581.2610190502,83998.4810769265,86931.2253439651,84160.0275019122,78297.6646557149,89632.1678985256
2023-08-07,85390.8610458213,92166.2950319136,97265.0765415644,92652.5280330357,95590.6666862349,97576.3653623794,85489.7595725783,85541.1737371743,81262.121166216,97581.2610190502,85084.4941763186,88435.6242555509,85371.8091620237,79873.922115769,91208.4253585797
2023-08-08,85289.039551644,92166.2950319136,97126.1410499623,95490.2865486559,96014.4511597633,97753.8247759585,87125.5117175682,86681.4362301576,82514.3607659471,97581.2610190502,86605.1247692557,89547.3151464981,86804.0242389938,81014.1846087522,92348.6878515629
2023-08-09,87922.7780501792,92166.2950319136,96665.8950201136,96310.4485395723,95163.454752578,98712.5785661383,86526.9297797762,86575.8523986291,82304.9107822385,97581.2610190502,86337.2256489628,89549.5815410894,86480.0026091227,80908.6007772237,92243.1040200344
2023-08-10,88719.6495418337,92166.2950319136,96260.2400305456,98184.7955472,94236.0245513175,98162.9784914764,87401.8278664739,86893.1560782792,85090.8215590884,97581.2610190502,85595.1987069879,89526.0903898472,86630.0608839137,81225.9044568739,92560.4076996845
2023-08-11,87544.0825339757,92166.2950319136,92080.8055466606,100116.319033205,92166.2951839754,98360.2203200772,87401.4608801307,86119.4780502696,85562.0606064973,97581.2610190502,86463.2850862185,89583.9456851261,86661.4080055396,80452.2264288642,91786.7296716749
2023-08-12,86707.926544739,92166.2950319136,89713.7145459964,98928.7995582544,91765.8907492429,96126.5184651111,85263.0424181605,83676.0192542705,83550.3479357022,97581.2610190502,84513.8793054141,87387.5759714896,84484.3136592817,78008.7676328652,89343.2708756758
2023-08-13,86354.3460316206,92166.2950319136,92722.5925360851,95492.9835190375,93781.3596959562,96391.6069020645,85624.5095362112,84940.7456222348,83521.7474338541,97581.2610190502,85301.6914073214,88066.3298951465,85288.9821885891,79273.4940008295,90607.9972436401
2023-08-14,87433.4400503041,92166.2950319136,97265.0765415644,92298.6415475905,95590.6666862349,98771.6807221526,86857.25838771,87524.0776979074,83466.8841997843,97581.2610190502,87190.0455897173,90101.8018650093,87190.4605584449,81856.8260765021,93191.3293193127
2023-08-15,86326.6455482877,92166.2950319136,97126.1410499623,90972.1860483594,96014.4511597633,97146.0563414499,87053.2571194046,86198.9352512035,84170.6432642335,97581.2610190502,86538.5470471729,89234.310426258,86596.9131392603,80531.6836297981,91866.1868726088
2023-08-16,89711.8540226911,92166.2950319136,96665.8950201136,95454.4445422887,95163.454752578,99009.138629743,87177.22672725,88263.3917672959,82393.4199865824,97581.2610190502,86824.7249897705,90344.0722284602,87421.7811614388,82596.1401458905,93930.6433887012
2023-08-17,89156.5385527509,92166.2950319136,96260.2400305456,95605.6720316844,94236.0245513175,99465.6456055952,89100.7912033,89858.1056598892,87005.9306624835,97581.2610190502,88386.6913668759,91725.0310734138,89115.1960766884,84190.8540384839,95525.3572812946
2023-08-18,89450.1805525685,92166.2950319136,92080.8055466606,97540.8985537526,92166.2951839754,100166.418679345,88738.0024349009,89855.7061949331,85922.9990427848,97581.2610190502,87946.6810446773,91704.8600622737,88846.7965581705,84188.4545735278,95522.9578163385
2023-08-19,87966.5810528329,92166.2950319136,89713.7145459964,92472.3305471126,91765.8907492429,97782.5815641362,88733.6219860554,88221.5664648861,86870.2044731534,97581.2610190502,87523.8365427767,90573.233692145,88159.6749979061,82554.3148434808,93888.8180862914
2023-08-20,89759.7700408526,92166.2950319136,92722.5925360851,91248.0540408829,93781.3596959562,97720.2811872796,87984.2007175794,87564.236179266,85510.9946935653,97581.2610190502,87111.2581007545,90102.542381056,87553.2316658666,81896.9845578606,93231.4878006713
2023-08-21,93167.1750471355,92166.2950319136,97265.0765415644,93493.4915452381,95590.6666862349,100296.992443306,89924.0380347661,91434.3576173476,88990.7020085274,97581.2610190502,90243.5960325075,93000.4737938252,90533.9972282071,85767.1059959423,97101.6092387529
2023-08-22,94162.3000377311,92166.2950319136,97126.1410499623,98395.0985454343,96014.4511597633,100501.161272725,92658.6419096509,94132.2833286436,92294.6794238579,98634.1236817462,93462.6554858774,95209.0393331914,93417.8602413906,88465.0317072382,99799.5349500489
2023-08-23,97060.770533803,92166.2950319136,96665.8950201136,97217.8255345683,95163.454752578,101679.760989648,94348.6575262183,95300.5005115963,91936.3431890068,98662.5356398224,93899.8987229739,96327.9327449933,94516.3522535962,89633.248890191,100967.752133002
2023-08-24,98318.4580463044,92166.2950319136,96260.2400305456,98855.7950443932,94236.0245513175,101441.017655265,95353.7116338955,95240.1709171745,92335.1775149976,101613.172088314,94576.0828308842,96660.764748937,95056.6551273181,89572.9192957691,100907.42253858
2023-08-25,95480.7245364259,92166.2950319136,92080.8055466606,100402.814035795,92166.2951839754,100459.468091709,96786.3479164072,96158.7670176091,93028.0559030626,103219.563916786,95879.8753217063,97321.3831622126,96274.9967519075,90491.5153962037,101826.018639014
2023-08-26,91807.7870467452,92166.2950319136,89713.7145459964,97588.2920337784,91765.8907492429,98362.4753376631,94047.0877318878,92538.3759379595,91244.8081359445,101612.203024674,93517.4049188006,94603.5440022595,93367.6228628826,86871.1243165542,98205.6275593649
2023-08-27,92878.2860393303,92166.2950319136,92722.5925360851,95090.0900514262,93781.3596959562,98491.8349652593,91984.2583917301,91409.6834738832,89187.3059605121,97581.2610190502,91815.7054130256,93424.1619616688,91736.5490928796,85742.4318524778,97076.9350952885
2023-08-28,96187.7405516829,92166.2950319136,97265.0765415644,97377.9985272051,95590.6666862349,100880.804668298,94145.1095394245,94347.8940933389,90895.575639841,98008.6027155911,94346.0238826187,95936.7098459945,94279.6758384607,88680.6424719335,100015.145714744
2023-08-29,96122.1990516545,92166.2950319136,97126.1410499623,104797.637538546,96014.4511597633,101082.56909625,96311.9926583406,96676.8240656619,93115.396788228,101665.709164876,96437.5716258879,97634.9630012187,96475.4627832968,91009.5724442566,102344.075687067
2023-08-30,95758.4595490899,92166.2950319136,96665.8950201136,104779.759537645,95163.454752578,101260.845964067,96143.6407299539,97442.511703879,92897.8183224933,102066.833565952,96346.4722564239,97817.9042116585,96644.2082300856,91775.2600824737,103109.763325284
2023-08-31,94239.0945299166,92166.2950319136,96260.2400305456,108582.175540539,94236.0245513175,101467.294498984,95684.4620755711,96285.3115427964,92046.3575261647,102232.639874437,95785.626550865,97317.378732588,95918.4667230775,90618.0599213911,101952.563164202
2023-09-01,94331.226541259,92166.2950319136,92080.8055466606,106535.39453078,92166.2951839754,101664.159108872,94395.8772034584,94222.8175116813,91484.1621208788,99401.3769097439,94476.1366208659,96192.814632064,94364.9437786685,88555.5658902759,99890.0691330866
2023-09-02,100691.990550666,92166.2950319136,89713.7145459964,104399.237034069,91765.8907492429,99695.6139019142,94433.5758033512,95428.645798497,92035.7363716958,99047.4658127216,94230.9646132601,95965.3707618963,94697.7287383694,89761.3941770917,101095.897419902
2023-09-03,97722.4395462078,92166.2950319136,92722.5925360851,100147.603536884,93781.3596959562,99838.5349671902,98875.0806950188,97990.1910047331,95595.1549859073,103661.908619127,98258.4155301173,98733.6363500553,98374.5624099564,92322.9393833278,103657.442626138
2023-09-04,100408.004547216,92166.2950319136,97265.0765415644,98816.2940519813,95590.6666862349,102966.454436965,99580.744520164,100494.385330528,94869.0417306068,102256.627096844,99876.7538403083,100742.241062545,99983.9612303335,94827.1337091227,106161.636951933
2023-09-05,99901.4015427209,92166.2950319136,97126.1410499623,102279.52454829,96014.4511597633,103258.012138512,100346.83606939,101504.210371019,96388.5790600296,103616.343874721,100351.797157669,101382.36357589,100734.28119936,95836.9587496141,107171.461992425
2023-09-06,101310.872523731,92166.2950319136,96665.8950201136,102879.970542294,95163.454752578,103429.340017738,100743.696526721,100956.722875676,95021.7961081316,105768.694674695,100252.393753038,101353.341807729,100650.937718478,95289.471254271,106623.974497082
2023-09-07,102020.492536647,92166.2950319136,96260.2400305456,106783.834031713,94236.0245513175,103757.093509781,100975.985297378,101907.321605784,96799.6190625085,106601.713200654,101133.784432722,101956.775761466,101339.030445295,96240.0699843786,107574.573227189
2023-09-08,100123.007049519,92166.2950319136,92080.8055466606,104599.974042652,92166.2951839754,103841.542825228,101259.916758508,101107.9005075,96462.4225166307,105758.709031808,100024.446453734,101565.928512881,100797.421239914,95440.6488860948,106775.152128905
2023-09-09,96620.7195372608,92166.2950319136,89713.7145459964,102039.855052094,91765.8907492429,101945.752285561,98805.8798770961,98499.1376668778,95436.4728764565,105758.709031808,98415.837512938,99417.5337571766,98573.618352304,92831.8860454724,104166.389288283
2023-09-10,99580.112525716,92166.2950319136,92722.5925360851,98476.4975450586,93781.3596959562,101533.440067894,97162.448777641,96764.3606723484,93394.0317516928,103644.312916315,96315.9173289817,97947.4543988084,96747.5755929904,91097.1090509431,102431.612293754
2023-09-11,104988.48054867,92166.2950319136,97265.0765415644,103183.510043588,95590.6666862349,103770.60923546,102282.319589646,103211.984407426,95842.9043292672,105563.824954322,102012.244349306,102834.027234599,102502.182782126,97544.7327860202,108879.236028831
2023-09-12,103297.681537124,92166.2950319136,97126.1410499623,111641.925562476,96014.4511597633,103923.348943188,105792.560357664,105472.452109817,99715.6523841376,109204.995986244,105092.459542242,105068.791364534,105452.490669908,99805.2004884115,111139.703731222
2023-09-13,102091.09653926,92166.2950319136,96665.8950201136,111614.622037305,95163.454752578,104146.057726959,104909.694292882,103844.863226005,99387.5374391438,109198.539066016,104444.707682917,104324.822805241,104399.755067268,98177.6116045999,109512.114847411
2023-09-14,101020.325044241,92166.2950319136,96260.2400305456,109639.429519923,94236.0245513175,104370.01621414,101963.118754271,101904.114473735,98040.0134127917,107284.737648224,101580.378188966,102457.845951703,101815.870472324,96236.8628523299,107571.366095141
2023-09-15,99441.5225568083,92166.2950319136,92080.8055466606,108807.758545678,92166.2951839754,104581.857689713,100006.726552554,99078.0755743882,97309.0636543386,107274.608876781,99339.845756432,100747.312005799,99474.8826277913,93410.8239529829,104745.327195794
2023-09-16,97291.4755346251,92166.2950319136,89713.7145459964,105789.485546384,91765.8907492429,102739.640009162,98775.4591393376,98329.2582646332,94043.4505007644,107509.248141212,98524.8730459653,99591.2192371499,98543.1968166454,92662.0066432278,103996.509886039
2023-09-17,100359.508541206,92166.2950319136,92722.5925360851,100541.788027969,93781.3596959562,102916.80703417,98370.4419607558,99368.7719204135,94041.9258209141,105390.203765511,97215.046940844,99491.103179831,98318.0869406711,93701.5202990081,105036.023541819
2023-09-18,101472.853034786,92166.2950319136,97265.0765415644,102386.425046587,95590.6666862349,105256.714088751,101819.114400981,103817.731144719,97168.9406514964,105794.722295632,101891.475881729,103224.230880423,102509.44047581,98150.4795233136,109484.982766124
2023-09-19,100860.203043343,92166.2950319136,97126.1410499623,105401.066546981,96014.4511597633,105484.226970184,101686.02856941,102849.214068029,98245.7401910337,106219.430980815,102105.29032915,103046.643475436,102213.510988863,97181.9624466242,108516.465689435
2023-09-20,100578.426546608,92166.2950319136,96665.8950201136,105268.386029569,95163.454752578,105713.021179922,100997.275676641,101955.537933664,98000.0973837421,106213.150585282,101805.62727412,102629.090469799,101586.146961475,96288.2863122586,107622.789555069
2023-09-21,104203.786035966,92166.2950319136,96260.2400305456,105136.580039637,94236.0245513175,105942.898018039,100446.363991719,100863.950847818,95940.2989024233,105584.767319515,100177.349015695,101868.975332004,100495.887951744,95196.6992264131,106531.202469224
2023-09-22,99814.4550208176,92166.2950319136,92080.8055466606,104628.792538101,92166.2951839754,106383.095682829,102905.830932119,103029.948284017,99251.4256936205,107458.097961501,101524.739015795,103473.508621028,102486.839410644,97362.6966626116,108697.199905422
2023-09-23,95479.9845444837,92166.2950319136,89713.7145459964,104879.061041046,91765.8907492429,104311.762930051,98837.2412757545,98087.8966906741,93989.3843184985,105344.381678486,98108.2140145612,99835.3530213847,98344.45066033,92420.6450692688,103755.148312079
2023-09-24,96652.0735320367,92166.2950319136,92722.5925360851,105974.255533211,93781.3596959562,104440.083089138,97059.3848351948,97157.821070569,93323.0711737914,105692.06137031,97005.1538996881,98923.0581991545,97074.1199351506,91490.5694491636,102825.072691974
2023-09-25,99421.7915448414,92166.2950319136,97265.0765415644,107345.812525673,95590.6666862349,106874.520180247,99307.3006307801,98791.4329169663,95269.6040791998,105892.231448452,98820.7693649448,100950.792058779,98973.1676375637,93124.181295561,104458.684538372
2023-09-26,100109.330539095,92166.2950319136,97126.1410499623,107794.218539748,96014.4511597633,107110.128180022,100277.843040245,101221.552940463,94772.0115780744,107370.819627972,100779.14920942,102361.720718931,100759.515063376,95554.3013190581,106888.804561869
2023-09-27,100803.165045639,92166.2950319136,96665.8950201136,110138.022545279,95163.454752578,107400.681220724,100278.719578867,100911.962235037,95976.08080359,107518.373677334,100471.946531979,102278.461665503,100554.209448628,95244.7106136316,106579.213856442
2023-09-28,99653.1710402968,92166.2950319136,96260.2400305456,110078.494531145,94236.0245513175,107651.875474734,99886.9319669615,99697.870791418,95897.4879765729,107518.373677334,99312.0554283175,101644.352767518,99632.2860622323,94030.6191700127,105365.122412823
2023-09-29,97805.2590348672,92166.2950319136,92080.8055466606,112721.168524814,92166.2951839754,107822.955439432,98799.1759190604,98074.8948167138,93734.7149265244,107891.336217513,97890.7007368249,100650.217453568,98254.9238241997,92407.6431953085,103742.146438119
2023-09-30,95112.1545477846,92166.2950319136,89713.7145459964,108422.31104344,91765.8907492429,106078.699935667,97549.2037745748,95973.243388348,93050.5933656228,106159.174758555,96821.8185232889,99096.6117810374,96781.4218954039,90305.9917669427,101640.495009753
2023-10-01,97857.8155563958,92166.2950319136,92722.5925360851,102967.340030179,93781.3596959562,106419.34960595,97205.8929141841,96749.3197712364,92834.4057995554,105385.379449489,96197.2731410412,99150.4325329861,96717.4952754872,91082.0681498311,102416.571392642
2023-10-02,103211.959059603,92166.2950319136,97265.0765415644,104742.846537419,95590.6666862349,109094.941496283,101187.318164003,102028.197110316,94776.8019762507,107517.04068555,100927.067995943,103328.015531759,101380.861090087,96360.9454889103,107695.448731721
2023-10-03,104732.290536871,92166.2950319136,97126.1410499623,106783.367061479,96014.4511597633,108782.22398084,105006.871124903,105206.432914707,99804.8934765988,110455.617431588,104946.647404395,105991.464258674,105053.317148001,99539.1812933015,110873.684536112
2023-10-04,103229.415022215,92166.2950319136,96665.8950201136,107242.758562225,95163.454752578,109023.750040598,104787.564865406,104899.65948019,99427.2599947889,109999.807822272,104304.361643683,105761.523356733,104663.861996426,99232.4078587846,110566.911101595
2023-10-05,101728.797541276,92166.2950319136,96260.2400305456,107936.626024929,94236.0245513175,109274.191514258,102950.116650647,103060.904193766,100407.017370689,109999.807822272,102882.687127536,104548.821096846,102964.569323983,97393.6525723608,108728.155815171
2023-10-06,99014.3720427753,92166.2950319136,92080.8055466606,107722.144036609,92166.2951839754,109513.294446124,101031.850839388,99536.9348767126,97854.1264568934,107646.41786495,99742.9979325991,102451.496982836,100103.9278829,93869.6832553072,105204.186498118
2023-10-07,96576.8295350795,92166.2950319136,89713.7145459964,104382.245030804,91765.8907492429,107738.71015963,98692.5707046935,97002.4654991388,93928.7201862227,106776.006422329,97632.660870792,100258.402360033,97775.8990248748,91335.2138777334,102669.717120544
2023-10-08,98537.345536302,92166.2950319136,92722.5925360851,104730.76503068,93781.3596959562,107931.284771013,97340.3396334973,97501.8186854194,93626.2542049752,106389.142105118,97033.4334915936,99964.0342883895,97291.8639368368,91834.5670640141,103169.070306825
2023-10-09,101624.245046279,92166.2950319136,97265.0765415644,105156.102557136,95590.6666862349,110237.392441976,101623.124033448,102348.825482846,95656.0743436226,107263.56039853,101939.083646892,104051.379900994,101970.344387729,96681.5738614404,108016.077104251
2023-10-10,100719.812537407,92166.2950319136,97126.1410499623,109559.692535362,96014.4511597633,110480.960220186,102027.582110033,102475.404176162,98413.2227554391,107662.94748691,102645.84370128,104416.217642334,102382.943329158,96808.1525547567,108142.655797567
2023-10-11,98499.4230580663,92166.2950319136,96665.8950201136,108196.721036513,95163.454752578,110869.417747958,100261.645440996,100249.621343606,96138.2272691519,107656.581741934,100471.946531979,102970.16765946,100327.737772194,94582.3697222012,105916.872965012
2023-10-12,92797.1830333095,92166.2950319136,96260.2400305456,110356.785037116,94236.0245513175,109466.85659254,99062.6426241374,98278.7265056296,94607.3872670395,107656.581741934,99207.8750252844,101501.346005662,98849.7480516838,92611.4748842243,103945.978127035
2023-10-13,93306.016534745,92166.2950319136,92080.8055466606,106451.711049383,92166.2951839754,111406.51143406,93459.9102524349,92313.9578211365,89693.9758884379,100041.224988459,93197.3724662205,97595.5310954661,92990.4135132639,86646.7061997312,97981.2094425418
2023-10-14,95810.0945332919,92166.2950319136,89713.7145459964,104848.1920306,91765.8907492429,109256.203953776,94496.8589193077,95142.5797130072,92369.7910469662,100088.558401922,94551.0501549379,98381.3610314028,94730.1629290843,89475.3280916019,100809.831334413
2023-10-15,100255.363536826,92166.2950319136,92722.5925360851,102506.715550711,93781.3596959562,109499.88935972,95958.1698960952,96824.8246836766,92920.4128500791,103299.034605978,95832.0363959794,99551.3668269904,96205.0103252504,91157.5730622713,102492.076305082
2023-10-16,102857.598043814,92166.2950319136,97265.0765415644,105526.309045241,95590.6666862349,111943.085555857,101027.406934964,101361.043120709,97034.3866013625,105831.15153953,100718.900160473,103777.403062229,101035.783405382,95693.7914993035,107028.294742114
2023-10-17,103124.552550177,92166.2950319136,97126.1410499623,109029.36403648,96014.4511597633,112470.160261093,104472.765088205,104406.121073531,100973.573419542,109583.495547279,103415.029890088,106202.830090162,104097.972017274,98738.8694521258,110073.372694936
2023-10-18,104263.446050828,92166.2950319136,96665.8950201136,108884.446527328,95163.454752578,112657.256284399,104226.813673466,104447.550573284,99966.8346536967,109577.016247863,103375.094641046,106191.294740724,104016.486295932,98780.2989518785,110114.802194689
2023-10-19,107407.438538495,92166.2950319136,96260.2400305456,109950.882540646,94236.0245513175,112678.349893757,103134.220389801,105617.39735721,98393.6089908198,110924.634399975,102824.743018278,106105.003121386,103858.786921763,99950.1457358042,111284.648978615
2023-10-20,103583.987038836,92166.2950319136,92080.8055466606,110016.301534222,92166.2951839754,113451.94247928,104568.033141005,104767.588442957,100488.443434385,111233.007996008,103842.105609152,106671.369774331,104392.575731038,99100.336821552,110434.840064363
2023-10-21,99271.9860282896,92166.2950319136,89713.7145459964,107555.752550346,91765.8907492429,111880.60048447,102317.195642939,102598.519027301,97607.1356003597,110937.541156084,101703.650665201,104639.862301709,102206.455111814,96931.2674058955,108265.770648706
2023-10-22,103822.193556129,92166.2950319136,92722.5925360851,105123.783047584,93781.3596959562,111973.233461912,100569.983159544,102531.809392973,94748.3342984297,108647.2600923,100574.598557717,103946.633498273,101225.463703411,96864.5577715672,108199.061014378
2023-10-23,106315.109539095,92166.2950319136,97265.0765415644,107687.05705102,95590.6666862349,113998.021783739,106391.142902682,107073.66373189,100725.721106323,111503.631094926,106002.202931734,108383.387840974,106489.003188769,101406.412110485,112740.915353296
2023-10-24,107479.826035228,92166.2950319136,97126.1410499623,108248.809554318,96014.4511597633,114673.592515346,106296.544452122,107739.263043306,103492.106377789,111243.510512429,106007.86835771,108706.225477005,106681.225284379,102072.011421901,113406.514664712
2023-10-25,109709.252043854,92166.2950319136,96665.8950201136,109633.323027191,95163.454752578,114157.200929195,107476.210399672,107208.641802231,102901.605121741,111190.689722312,106666.091273374,108883.741723576,107116.981158426,101541.390180826,112875.893423637
2023-10-26,111118.808537084,92166.2950319136,96260.2400305456,108998.498037745,94236.0245513175,114654.790470878,108026.604659863,108875.971677968,102911.222857187,111660.80461933,106624.9633766,109570.128703879,107842.513238143,103208.720056562,114543.223299373
2023-10-27,104688.720523941,92166.2950319136,92080.8055466606,109771.606026564,92166.2951839754,115133.107201819,107651.292948769,107642.106207039,102918.485824505,112596.052322854,106510.360508214,109246.853583037,107267.919888008,101974.854585634,113309.357828445
2023-10-28,102854.475030745,92166.2950319136,89713.7145459964,106796.020042386,91765.8907492429,112743.306905854,102883.863848201,102506.291230252,98593.1195252524,110937.541156084,102012.654947502,105044.70973081,102467.603341985,96839.0396088463,108173.542851657
2023-10-29,110731.772508463,92166.2950319136,92722.5925360851,102201.721059614,93781.3596959562,112875.519424969,104631.434995397,106030.674956826,99827.930255587,110532.858381302,103996.280143358,106911.791450188,104886.13003186,100363.423335421,111697.926578231
2023-10-30,106865.922033075,92166.2950319136,97265.0765415644,101977.356530992,95590.6666862349,115819.329999788,109951.157348801,111824.384929529,105302.897727265,112180.291233376,109506.189730991,111806.646523253,110427.244003107,106157.133308124,117491.636550934
2023-10-31,102822.613538051,92166.2950319136,97126.1410499623,103994.996038764,96014.4511597633,116356.109005092,107557.372109763,107581.248132984,103631.958168612,110532.858381302,106474.678029308,109506.110925709,107204.432757352,101913.996511578,113248.499754389
2023-11-01,110960.849039932,92166.2950319136,96665.8950201136,107088.54702784,95163.454752578,114366.463468591,105847.971849048,106813.282886359,100247.51802393,109276.464171823,104874.963114308,108000.64597981,105845.405949905,101146.031264954,112480.534507764
2023-11-02,112187.108045331,92166.2950319136,96260.2400305456,108926.690543734,94236.0245513175,116874.424354536,110420.83847605,111225.370425036,105423.980161877,112007.110291684,108858.51358175,111869.578175837,110168.240827612,105558.11880363,116892.622046441
2023-11-03,115409.913034647,92166.2950319136,92080.8055466606,111983.830047217,92166.2951839754,119094.181251164,110092.34767243,111296.462536152,107463.324618677,115188.412152773,110014.975639741,112647.568595225,110467.928616108,105629.210914747,116963.714157557
2023-11-04,113299.461541603,92166.2950319136,89713.7145459964,110879.975528028,91765.8907492429,114676.565981772,111018.96487886,110653.939120403,107045.381790827,116841.143456567,110875.521265295,111805.318844339,110849.475088186,104986.687498998,116321.190741809
2023-11-05,114050.324524746,92166.2950319136,92722.5925360851,108893.536023256,93781.3596959562,115438.116113202,111712.513454263,114978.015980327,108758.392229117,115287.322459902,111874.808212975,113544.802003722,112855.112549188,109310.764358922,120645.267601732
2023-11-06,113940.736540513,92166.2950319136,97265.0765415644,111496.586039737,95590.6666862349,119420.061407313,112700.96015542,116274.566200105,109808.732252345,116612.380377913,113826.644740845,115600.075993961,114267.390365457,110607.3145787,121941.81782151
2023-11-07,118821.520019484,92166.2950319136,97126.1410499623,112247.30404885,96014.4511597633,120527.917487213,114806.959693287,117222.9657801,109954.812805729,117057.069953323,115037.826628138,116933.11713193,115689.250700508,111555.714158694,122890.217401505
2023-11-08,117532.20954817,92166.2950319136,96665.8950201136,113801.348023769,95163.454752578,119849.751441588,117089.269982448,118614.719003881,112122.962239939,122619.128107039,117926.163877814,118386.764822856,117876.717621381,112947.467382476,124281.970625286
2023-11-09,115787.175021896,92166.2950319136,96260.2400305456,115381.027035153,94236.0245513175,117359.334564415,116135.278622673,115794.854583481,112056.578528721,121887.406713675,115868.509605139,116287.686348739,115932.880937098,110127.602962076,121462.106204887
2023-11-10,117128.273038118,92166.2950319136,92080.8055466606,113047.326548065,92166.2951839754,119964.825772053,115089.96577973,114260.068995379,108528.064594971,117783.941979141,113863.552205113,115795.137911644,114404.528993408,108592.817373974,119927.320616785
2023-11-11,116922.643019636,92166.2950319136,89713.7145459964,110105.921035811,91765.8907492429,116064.722758103,115692.333819964,116058.533545374,109960.265766737,121950.774984565,115190.117921206,115759.427169998,115646.995095514,110391.281923968,121725.785166779
2023-11-12,114036.807533131,92166.2950319136,92722.5925360851,109749.624534556,93781.3596959562,116047.90827713,115465.030325906,116644.41359832,109882.586595737,122117.433617033,115365.196097695,115896.847233055,115824.880007307,110977.161976914,122311.665219725
2023-11-13,110559.962518335,92166.2950319136,97265.0765415644,111157.822548878,95590.6666862349,118502.94420648,114282.193945202,114351.202439591,110019.112025853,116401.936507277,113638.690735032,115201.839014419,114090.695706608,108683.950818186,120018.454060997
2023-11-14,110248.92002349,92166.2950319136,97126.1410499623,116337.969542336,96014.4511597633,118752.967131198,112172.4477044,112041.297670563,105167.911855914,115450.159668105,111359.090060324,113589.84836977,111857.611811762,106374.046049158,117708.549291969
2023-11-15,109702.188034326,92166.2950319136,96665.8950201136,117845.066528475,95163.454752578,119034.395528475,111122.764723622,110092.89787598,105807.738507814,115163.25852043,109390.998727777,112413.659511298,110202.22044246,104425.646254575,115760.149497385
2023-11-16,113242.347036768,92166.2950319136,96260.2400305456,115886.468545113,94236.0245513175,119259.692187632,110572.297440809,109875.251319778,105168.31304424,114183.708062193,108311.636365253,112016.165560071,109586.395041946,104207.999698372,115542.502941183
2023-11-17,107739.531530027,92166.2950319136,92080.8055466606,115671.830551817,92166.2951839754,120594.025322864,112846.522758041,112720.468111573,109222.077422385,116985.422042648,111213.913685088,114358.016055517,112260.301518234,107053.216490168,118387.719732979
2023-11-18,106335.221536805,92166.2950319136,89713.7145459964,116950.577517646,91765.8907492429,118089.012080652,108693.859812073,107765.364481411,105056.240450293,114323.178801016,105827.967088901,110106.701111712,107429.063794128,102098.112860005,113432.616102816
2023-11-19,110941.51204447,92166.2950319136,92722.5925360851,124016.577528875,93781.3596959562,118339.412632367,107425.876883719,108930.186086845,104842.751556038,113164.453426678,106808.473046349,110407.66403671,107721.512005638,103262.934465439,114597.43770825
2023-11-20,119388.28302447,92166.2950319136,97265.0765415644,127000.930539031,95590.6666862349,122052.933142753,113267.167622632,115683.813736434,107212.322616363,114456.270411235,112345.16394974,115880.797465874,113765.381769602,110016.562115028,121351.065357839
2023-11-21,123670.009040325,92166.2950319136,97126.1410499623,130695.267041055,96014.4511597633,122859.681970797,117590.39465645,121112.801791515,111652.392305607,124389.032318153,117445.762378924,119802.458035479,118716.319608963,115445.55017011,126780.053412921
2023-11-22,124675.76103277,92166.2950319136,96665.8950201136,134108.673532505,95163.454752578,123276.24740328,124353.996253694,125330.924614128,114816.61119128,124953.19568969,123807.4405317,124207.111878001,124497.453799841,119663.672992723,130998.176235534
2023-11-23,122007.035024071,92166.2950319136,96260.2400305456,127361.26252453,94236.0245513175,124628.335228935,126862.175952092,127867.002014263,120806.183275551,128348.73406942,125978.285417567,126350.365156409,126902.487794641,122199.750392857,133534.253635668
2023-11-24,122035.017534095,92166.2950319136,92080.8055466606,130475.770533062,92166.2951839754,123819.216022054,120494.939681099,120386.280427628,114568.318208045,126964.520620396,120441.251453822,121286.985589799,120440.823854183,114719.028806223,126053.532049034
2023-11-25,121228.827029068,92166.2950319136,89713.7145459964,125445.361529051,91765.8907492429,122305.522539431,121640.289700436,122399.245037776,115029.235118705,127092.813091105,120920.780225062,121831.035639362,121653.438321091,116731.993416371,128066.496659182
2023-11-26,125549.781529882,92166.2950319136,92722.5925360851,125446.300039254,93781.3596959562,123490.400920341,123623.62145245,125229.965965884,115541.581174457,127451.603827352,123750.432532875,124043.377997153,124201.339983736,119562.714344479,130897.21758729
2023-11-27,135177.873546902,92166.2950319136,97265.0765415644,127988.31904343,95590.6666862349,124952.187966173,127833.279131699,129908.750395107,120460.240943074,131146.463459347,126819.577131407,127408.879980256,128187.202219404,124241.498773702,135576.002016512
2023-11-28,130765.372529762,92166.2950319136,97126.1410499623,132530.371022711,96014.4511597633,123667.634753114,130063.747526676,129747.543646428,127339.099808457,138890.695251486,129846.400440074,128323.490470785,129885.897204393,124080.292025023,135414.795267833
2023-11-29,124893.173539234,92166.2950319136,96665.8950201136,133551.762540058,95163.454752578,122401.912090385,127009.645246777,124641.252659089,122536.012185985,133025.749557641,124918.021934578,124721.119363733,125522.973280148,118974.001037683,130308.504280494
2023-11-30,128916.992550228,92166.2950319136,96260.2400305456,131126.806530726,94236.0245513175,123490.727268758,124738.274752141,124918.165912244,120411.771003046,129056.581783203,123308.579676186,124123.798246208,124321.673446857,119250.914290839,130585.41753365
2023-12-01,123910.483026173,92166.2950319136,92080.8055466606,134950.440529338,92166.2951839754,126936.4113554,129158.443955915,129583.570951968,122703.938681731,132386.246875591,128010.280793665,128432.733181923,128917.431900516,123916.319330563,135250.822573374
2023-12-02,127544.882032112,92166.2950319136,89713.7145459964,134064.803529555,91765.8907492429,126105.278251783,127285.401418835,126560.382189698,117618.486127638,128508.69308455,125186.519019662,126286.682636494,126344.100876065,120893.130568293,132227.633811104
2023-12-03,129619.040529016,92166.2950319136,92722.5925360851,137110.942039083,93781.3596959562,124406.945648975,131446.845272462,131702.332343219,123355.0068926,133094.400795199,129926.469655567,129377.424349355,131025.215757083,126035.080721814,137369.583964624
2023-12-04,129936.667030619,92166.2950319136,97265.0765415644,135321.915522987,95590.6666862349,126514.571434207,129979.914485448,130931.640881649,123566.236307657,132387.004403662,128246.817655711,128938.064846282,129719.457674269,125264.389260244,136598.892503054
2023-12-05,131168.875526384,92166.2950319136,97126.1410499623,137541.176037383,96014.4511597633,128322.532638304,129757.744239575,131806.874747774,123739.822868538,132953.963799572,130445.178683812,130104.161068511,130669.932557054,126139.623126369,137474.126369179
2023-12-06,125379.297039134,92166.2950319136,96665.8950201136,130288.722533266,95163.454752578,126777.02538756,130813.960488688,130420.187852056,125658.733834252,135155.026582673,131236.844761887,129801.215167529,130823.664367544,124752.936230651,136087.439473462
2023-12-07,128763.380541164,92166.2950319136,96260.2400305456,127849.425016193,94236.0245513175,127790.049122359,127421.95003422,127232.519253267,123179.140758754,131234.293377455,126292.937760058,127188.96717245,126982.469015849,121565.267631862,132899.770874673
2023-12-08,120603.853028596,92166.2950319136,92080.8055466606,130011.287010126,92166.2951839754,125847.149337371,127824.136599201,125441.534793986,123276.564992871,132169.39350399,126566.868728317,126395.255288481,126610.846707168,119774.283172581,131108.786415392
2023-12-09,116157.078532835,92166.2950319136,89713.7145459964,126298.081039085,91765.8907492429,123996.27133777,120174.875701257,117781.583104807,116439.575147568,126774.077759384,117811.088891,119927.36330826,118589.182565688,112114.331483402,123448.834726212
2023-12-10,122131.458514416,92166.2950319136,92722.5925360851,127590.39352287,93781.3596959562,122934.407315607,115833.8634406,114458.56268833,109722.056065172,121839.292089655,115525.53869184,117177.90350061,115272.654940257,108791.311066925,120125.814309736
2023-12-11,121536.506034094,92166.2950319136,97265.0765415644,142011.577022238,95590.6666862349,125169.501397393,119036.417593266,120692.86911515,112334.883150688,126413.336402729,118816.029789057,120956.169360004,119515.105499158,115025.617493744,126360.120736555
2023-12-12,127228.351034318,92166.2950319136,97126.1410499623,147573.499526079,96014.4511597633,125988.71336486,119191.361995024,120331.1841156,114846.617729845,130771.783795793,118742.118439409,121086.066872912,119421.554850011,114663.932494194,125998.435737005
2023-12-13,130980.575524451,92166.2950319136,96665.8950201136,137453.724027898,95163.454752578,128361.760671482,129067.421436809,131338.965287081,120355.285648766,132088.621740905,128607.190818784,129375.205328405,129671.192514224,125671.713665675,137006.216908486
2023-12-14,131102.059553828,92166.2950319136,96260.2400305456,130823.74052468,94236.0245513175,128153.544030904,129637.204842091,130000.586510292,125339.172168274,134451.679431677,128820.724829562,129161.382985444,129486.172060648,124333.334888887,135667.838131697
2023-12-15,125281.444029624,92166.2950319136,92080.8055466606,130061.790530427,92166.2951839754,127992.719478422,128399.464055273,127028.468942528,125266.755671976,134159.134387639,127349.349175194,127680.838051235,127592.427390998,121361.217321123,132695.720563933
2023-12-16,123152.631548711,92166.2950319136,89713.7145459964,132288.09352835,91765.8907492429,128209.957137646,127199.669928454,126731.648211605,122694.577394959,130202.581371999,125423.568737415,126896.610532629,126451.628959158,121064.3965902,132398.89983301
2023-12-17,132379.869045973,92166.2950319136,92722.5925360851,130263.128531909,93781.3596959562,128451.144624717,127565.363779319,127865.172860905,119694.934009021,128530.509974329,127152.649655112,127765.602871166,127527.728765112,122197.921239499,133532.42448231
2023-12-18,139397.862068007,92166.2950319136,97265.0765415644,128684.89202769,95590.6666862349,131041.267977166,133604.491168793,138129.83206894,125928.900058611,141253.744271301,134498.534394763,134369.291118147,135410.952544165,132462.580447534,143797.083690345
2023-12-19,144055.600022787,92166.2950319136,97126.1410499623,132719.759046712,96014.4511597633,131210.111226871,140286.626388999,142450.710354934,131294.381879348,142437.533268289,138693.600792404,138190.374590704,140476.979178779,136783.458733529,148117.961976339
2023-12-20,141465.724545813,92166.2950319136,96665.8950201136,130479.984026764,95163.454752578,129520.367072127,142360.955241107,140931.34514522,131247.059882702,146352.433779885,139636.10965378,138099.913157019,140976.136680035,135264.093523814,146598.596766625
2023-12-21,137195.435529948,92166.2950319136,96260.2400305456,124342.25800565,94236.0245513175,129041.156318635,139543.685413619,138902.351995558,131314.667957796,144320.523141648,136921.405379245,136101.238627399,138455.814262807,133235.100374152,144569.603616963
2023-12-22,133572.216536687,92166.2950319136,92080.8055466606,125091.196543883,92166.2951839754,129050.660748041,134666.715435047,133152.801250185,128175.038247171,140363.561699096,131536.640543833,132096.496075565,133118.719076355,127485.54962878,138820.052871591
2023-12-23,133280.357516231,92166.2950319136,89713.7145459964,121355.441544449,91765.8907492429,127149.797711565,132654.852520421,132263.079991944,126958.103343505,139309.759243531,129471.667554241,130394.462118082,131463.200022202,126595.828370539,137930.33161335
2023-12-24,126764.055016307,92166.2950319136,92722.5925360851,122039.859042136,93781.3596959562,127979.180317173,135765.66377517,136197.012732496,127971.062932768,141074.557649921,133398.040894355,133348.47839139,135120.239134007,130529.761111091,141864.264353901
2023-12-25,120234.580027565,92166.2950319136,97265.0765415644,110757.134032405,95590.6666862349,129073.445529726,132645.651608776,128774.178974713,124562.349215697,133470.261533063,130541.397873533,130218.66787474,130653.742819007,123106.927353308,134441.430596119
2023-12-26,133496.162545796,92166.2950319136,97126.1410499623,115933.126071448,96014.4511597633,131557.497651306,126724.635197897,128697.814066983,118004.536759258,130020.672688073,124663.513547549,127952.362867216,126695.320937476,123030.562445578,134365.065688389
2023-12-27,130726.16803621,92166.2950319136,96665.8950201136,117829.765525219,95163.454752578,129679.556453025,132437.07035846,135280.757488431,129671.961840547,139712.765175749,131191.807835238,132189.079712831,132969.878560709,129613.505867025,140948.009109836
2023-12-28,130468.01954402,92166.2950319136,96260.2400305456,116422.365528911,94236.0245513175,129534.508396499,129304.398497295,129987.445382058,124243.679896179,134232.210920186,127969.901375695,129215.99290112,129087.248418349,124320.193760653,135654.697003464
2023-12-29,126897.467530363,92166.2950319136,92080.8055466606,120724.830026931,92166.2951839754,129781.474011925,127281.493795774,128278.004142867,123611.614154069,134328.512551825,126260.956313313,127921.364837233,127273.484750651,122610.752521462,133945.255764272
2023-12-30,121750.213018886,92166.2950319136,89713.7145459964,119386.261522915,91765.8907492429,127390.313947928,126814.245154633,125967.697077726,123494.726367435,130352.294411763,125864.649431575,126504.481102373,126215.530554645,120300.445456321,131634.948699132
2023-12-31,126124.641039777,92166.2950319136,92722.5925360851,120287.301538833,93781.3596959562,127694.971146215,121994.205750321,123800.376011797,117676.604895696,127747.917793098,122034.485034512,123908.497399609,122609.68893221,118133.124390392,129467.627633202
2024-01-01,117849.044536839,92166.2950319136,97265.0765415644,110052.490038022,95590.6666862349,128966.039389835,129630.367094088,128811.395654558,123001.883077026,131613.938151732,128078.313401375,128869.752149823,128840.02538334,123144.144033153,134478.647275963
2024-01-02,127448.744038568,92166.2950319136,97126.1410499623,117806.775062465,96014.4511597633,128897.471121256,120815.066491705,122288.635034063,116762.946230598,126425.754497527,118281.182411998,122611.071946331,120461.627979255,116621.383412657,127955.886655468
2024-01-03,123114.262024808,92166.2950319136,96665.8950201136,121269.864540031,95163.454752578,129508.00043696,126715.735520353,129298.042027969,124823.25362368,132777.834493952,126035.532498219,127928.781427899,127349.770015514,123630.790406564,134965.293649375
2024-01-04,123360.092036602,92166.2950319136,96260.2400305456,123336.567013704,94236.0245513175,130539.953409151,125229.042039083,127079.481118822,119146.216379584,128917.57753753,124823.218437181,126948.335814773,125710.580531695,121412.229497416,132746.732740227
2024-01-05,130810.965045476,92166.2950319136,92080.8055466606,121138.409523066,92166.2951839754,132123.518929296,126527.953694307,127338.006844304,119369.704031622,128195.575909242,125432.361512087,127876.853369433,126432.774016899,121670.755222898,133005.258465709
2024-01-06,128779.091044841,92166.2950319136,89713.7145459964,118724.064047407,91765.8907492429,128938.104163945,131007.400528253,127045.551499648,123203.460222597,135229.935230589,128863.993251546,128924.027642304,128972.315093149,121378.299878242,132712.803121053
2024-01-07,140609.327023132,92166.2950319136,92722.5925360851,123944.976041694,93781.3596959562,131295.885077835,132470.110948007,137086.001126495,123633.425020486,133736.558992671,131370.768228343,133120.624968887,133642.293434281,131418.74950509,142753.2527479
2024-01-08,145224.835036299,92166.2950319136,97265.0765415644,133635.334542386,95590.6666862349,134134.530841177,142147.509073853,150917.857583973,131398.475151923,146511.494381777,143284.856114325,142720.702491654,145450.074257384,145250.605962568,156585.109205378
2024-01-09,151738.814039247,92166.2950319136,97126.1410499623,135162.875058887,96014.4511597633,135348.546639967,144872.713220141,151975.382233792,132026.532891439,148005.738839889,145208.944317607,144433.072749461,147352.346590513,146308.130612387,157642.633855198
2024-01-10,157086.898039428,92166.2950319136,96665.8950201136,134474.571025408,95163.454752578,134671.890813228,148074.013789519,155643.508632533,132321.368059296,151405.839187042,150934.325019957,147400.451147526,151550.615814003,149976.257011128,161310.760253939
2024-01-11,154582.332518697,92166.2950319136,96260.2400305456,135476.590547139,94236.0245513175,134786.15480593,151766.564582781,159027.556475624,132426.022959714,156167.172740485,153108.119564535,149743.884424431,154634.080207647,153360.304854219,164694.80809703
2024-01-12,144851.502555792,92166.2950319136,92080.8055466606,134457.968513025,92166.2951839754,134229.114991688,151575.680273605,154848.011675527,132118.102122454,153490.948056728,151354.732708418,148031.473115085,152592.808219183,149180.760054122,160515.263296932
2024-01-13,137472.537046066,92166.2950319136,89713.7145459964,131621.846051781,91765.8907492429,130226.80096323,146116.826201398,145459.525524912,132146.832925445,146856.602268374,145397.063560583,141783.295874025,145657.805095631,139792.273903507,151126.777146317
2024-01-14,139758.236023495,92166.2950319136,92722.5925360851,126614.579524938,93781.3596959562,128248.468774356,140113.820623646,139916.639927147,128850.097665564,143134.188667242,136691.360943724,136251.065532716,138907.273831506,134249.388305742,145583.891548552
2024-01-15,137800.115049115,92166.2950319136,97265.0765415644,136936.931513321,95590.6666862349,129760.702210248,139906.908995671,139363.842575839,132029.177054527,140517.185508397,135079.699929168,136041.594286877,138116.817166892,133696.590954434,145031.094197244
2024-01-16,134496.484524489,92166.2950319136,97126.1410499623,145789.226514538,96014.4511597633,129136.30226047,137543.937736122,133328.156412088,128537.74223259,140496.683690736,131733.275288023,132909.296908815,134201.789812078,127660.904790683,138995.408033493
2024-01-17,125403.612536378,92166.2950319136,96665.8950201136,146703.896035265,95163.454752578,128143.859590495,132419.531628778,128778.968637435,128063.239083887,139622.057220691,129622.886230765,129707.855073871,130273.795498993,123111.71701603,134446.22025884
2024-01-18,122609.032047748,92166.2950319136,96260.2400305456,154984.89852261,94236.0245513175,130118.847078795,126944.580824245,127825.425724566,120686.653732463,135853.760904749,124465.41322444,127367.212369154,126411.806591084,122158.174103161,133492.677345971
2024-01-19,131311.344042027,92166.2950319136,92080.8055466606,155192.391058813,92166.2951839754,135613.84047846,129063.409633023,130611.499070778,117625.889625713,136964.208980287,124211.310516939,129929.087837646,127962.07307358,124944.247449373,136278.750692184
2024-01-20,131740.453543781,92166.2950319136,89713.7145459964,139553.987051774,91765.8907492429,133193.371296058,135585.498622302,137920.800250388,126166.554038441,136284.845699263,133248.151458362,135029.019979764,135584.816777017,132253.548628983,143588.051871793
2024-01-21,131068.899028084,92166.2950319136,92722.5925360851,146315.114547633,93781.3596959562,129681.644867528,134956.436035688,135443.155425059,126362.230099163,139541.6548057,133986.352932786,133524.757836842,134795.314797844,129775.903803653,141110.407046464
2024-01-22,128742.412021214,92166.2950319136,97265.0765415644,148895.604518517,95590.6666862349,129848.887072222,130051.188808083,131355.625331992,126117.592179586,136929.729587568,128920.98920331,130067.521154769,130109.267781128,125688.373710587,137022.876953397
2024-01-23,119086.246515782,92166.2950319136,97126.1410499623,160471.513544499,96014.4511597633,129540.239976888,128291.07232002,128340.778066096,120712.323029498,135699.799948529,125779.627135598,128004.562353108,127470.492507238,122673.52644469,134008.029687501
2024-01-24,105231.987550455,92166.2950319136,96665.8950201136,162519.377032411,95163.454752578,129578.134436844,120536.396062868,119292.203633269,114453.650722196,130905.67110134,118151.279844201,121894.945505635,119326.626513446,113624.952011864,124959.455254674
