"date","actual","naive","snaive7","snaive365","ets","arimax","rf","xgb","xgb_q05","xgb_q95","lgbm","stack","ensemble","conformal_lo","conformal_hi"
2023-07-01,89847.5750334101,92166.2950319136,89713.7145459964,100238.787062288,91765.8907492429,90197.4938865046,91941.3225879968,90455.8457868252,88116.7117376167,97581.2610190502,91107.2821511557,90910.3256562817,91168.1501753259,84881.9401243011,96029.7514493494
2023-07-02,91649.7140461882,92166.2950319136,92722.5925360851,96419.6285396609,93781.3596959562,91622.2377964701,91802.035459713,89653.5246897003,87807.5003166608,97581.2610190502,90071.0440931475,90769.6761135583,90508.8680808536,84079.6190271762,95227.4303522244
2023-07-03,94906.245540448,92166.2950319136,97265.0765415644,100612.217032967,95590.6666862349,94656.3243025422,94204.8371055777,94851.9434734912,90193.2876760696,97794.6984461291,93549.6880844815,94327.5001795802,94202.1562211835,89278.0378109671,100425.849136015
2023-07-04,96219.4445477838,92166.2950319136,97126.1410499623,104243.081530305,96014.4511597633,94973.6506983733,96235.8531755845,95819.8733216266,92466.2136041989,101728.265622205,95580.7474592424,95649.9938875336,95878.8246521512,90245.9676591025,101393.778984151
2023-07-05,96057.6670319608,92166.2950319136,96665.8950201136,105927.105038743,95163.454752578,95246.4619786494,96578.7198676095,95285.9597660589,92618.985491442,102339.748304201,95541.3926075561,95651.7213249224,95802.0240804082,89712.0541035348,100859.865428583
2023-07-06,95369.4565467451,92166.2950319136,96260.2400305456,105681.113045809,94236.0245513175,94813.7811267986,95444.7070411419,95022.7929421615,92725.8372045343,102116.391384107,95451.029649981,95177.3870403523,95306.1765444281,89448.8872796374,100596.698604686
2023-07-07,93667.4930306209,92166.2950319136,92080.8055466606,102458.506533426,92166.2951839754,93814.9633301979,93892.969734288,93565.735215219,91466.3654540146,101496.6600247,93746.211372435,93751.6438120682,93734.972107314,87991.8295526949,99139.6408777431
2023-07-08,89344.5450401121,92166.2950319136,89713.7145459964,100812.445052204,91765.8907492429,91466.7773691131,93593.8917021432,92579.5989999346,91064.9437806978,98602.3345704601,93220.5356820761,92703.1655031436,93131.3421280513,87005.6933374105,98153.5046624587
2023-07-09,92548.7590317344,92166.2950319136,92722.5925360851,97267.1085417622,93781.3596959562,92335.3470115651,91673.294183568,89565.8433442699,88547.9417118478,97581.2610190502,89961.5304578486,90867.4529667205,90400.2226618955,83991.9376817458,95139.749006794
2023-07-10,95494.3890442635,92166.2950319136,97265.0765415644,98841.0745532117,95590.6666862349,95364.0795421129,94432.9970258687,93727.9212785936,90538.8721151071,97581.2610190502,93397.9525561683,94228.1424212375,93852.9569535435,88154.0156160695,99301.8269411177
2023-07-11,98925.8830357888,92166.2950319136,97126.1410499623,104403.752535489,96014.4511597633,95355.1823788941,96158.3931007632,95759.671565185,92989.9143729791,101506.24325253,95769.3272312803,95757.2218351423,95895.7972990762,90185.7659026609,101333.577227709
2023-07-12,95866.9435457113,92166.2950319136,96665.8950201136,106323.598527222,95163.454752578,95287.6279675476,97668.0244005219,97576.7941598779,94081.6652559228,103701.658220896,98354.6322698824,97215.3611531519,97866.4836100941,92002.8884973538,103150.699822402
2023-07-13,95265.7460470533,92166.2950319136,96260.2400305456,107458.364031545,94236.0245513175,95227.9272224421,95051.368257914,94208.7107307332,92185.8628581835,102116.391384107,95161.572715022,94901.4961902043,94807.2172345564,88634.8050682091,99782.6163932573
2023-07-14,93715.9925368223,92166.2950319136,92080.8055466606,107551.817026397,92166.2951839754,95183.6916348188,94219.7862600268,93987.6812458334,91615.9126965236,102252.23876974,94479.2809792023,94464.0187996803,94228.9161616875,88413.7755833093,99561.5869083575
2023-07-15,92020.285051143,92166.2950319136,89713.7145459964,106568.201559146,91765.8907492429,92425.3236385399,93408.9839623758,93136.2677651467,91740.7659034316,99412.2792193676,94001.9648574284,93235.9342905841,93515.7388616503,87562.3621026226,98710.1734276708
2023-07-16,90355.0630492151,92166.2950319136,92722.5925360851,103310.15053163,93781.3596959562,92857.6606923814,92135.7368426141,91416.657821616,89243.886536948,97581.2610190502,92090.5827712985,92116.9902998685,91880.9924785095,85842.7521590919,96990.5634841401
2023-07-17,95277.4245456959,92166.2950319136,97265.0765415644,104639.90103181,95590.6666862349,95475.8330708506,93211.6054699723,93200.2420129689,90242.4161733612,97581.2610190502,92738.1003858642,93660.3719659928,93049.9826229351,87626.3363504448,98774.147675493
2023-07-18,97207.5065306453,92166.2950319136,97126.1410499623,112302.614558195,96014.4511597633,95816.5559106363,96003.7709791142,95968.5755651456,92639.5685054075,102116.391384107,95887.716902214,95919.2069975033,95953.3544821579,90394.6699026214,101542.48122767
2023-07-19,97508.1525340393,92166.2950319136,96665.8950201136,108628.951031371,95163.454752578,95711.1898758801,96416.5647626357,94990.3558929528,93030.806245778,102116.391384107,96107.2338628039,95789.8349776781,95838.0515061308,89416.4502304287,100564.261555477
2023-07-20,95817.1660535219,92166.2950319136,96260.2400305456,106954.775534204,94236.0245513175,95659.1936889865,96352.8824737097,95335.6801147271,93011.0233336,102289.204122758,95640.8409213616,95737.8595378383,95776.4678365994,89761.774452203,100909.585777251
2023-07-21,93504.8180468096,92166.2950319136,92080.8055466606,105537.616530377,92166.2951839754,95371.602622492,93959.3673240926,93357.1646946915,91570.3154993994,102106.750552619,94182.0832472676,94209.883225514,93832.8717553506,87783.2590321673,98931.0703572156
2023-07-22,88141.5705434935,92166.2950319136,89713.7145459964,105430.167547138,91765.8907492429,93288.4522818046,93244.0628618545,91952.302021435,91270.3082021005,99369.3405204361,93375.9126942146,92948.5172439148,92857.425859168,86378.3963589109,97526.2076839591
2023-07-23,88787.6595476174,92166.2950319136,92722.5925360851,97241.6455374737,93781.3596959562,93684.3013135458,90738.0912328851,88250.1772057014,86272.2947940133,97581.2610190502,89168.3655228271,90439.7839050769,89385.5446538045,82676.2715431773,93824.0828682255
2023-07-24,93033.8580622112,92166.2950319136,97265.0765415644,94678.0820312831,95590.6666862349,95976.4072710026,92093.9693932977,90870.2669308453,88095.8733735383,97581.2610190502,91654.1326401096,92638.5397035683,91539.4563214175,85296.3612683212,96444.1725933694
2023-07-25,89576.7715611323,92166.2950319136,97126.1410499623,97685.5525329594,96014.4511597633,94393.7335333773,92657.784995527,90476.6383714782,90462.229723508,97794.6984461291,91066.8330999606,92131.378971721,91400.418822322,84902.7327089541,96050.5440340023
2023-07-26,91179.7040591546,92166.2950319136,96665.8950201136,102383.343069942,95163.454752578,96222.8017023951,90998.3893946964,91039.674736943,88532.9114480488,97581.2610190502,90300.2950654546,92148.0916100585,90779.453065698,85465.7690744189,96613.5803994671
2023-07-27,93096.6105346448,92166.2950319136,96260.2400305456,101483.92303743,94236.0245513175,96327.2444020057,91074.0855666634,91230.2771562256,89203.808466816,97581.2610190502,90665.0706600307,92331.8781113534,90989.8111276399,85656.3714937015,96804.1828187497
2023-07-28,90685.6755347287,92166.2950319136,92080.8055466606,101242.771537426,92166.2951839754,96446.945608128,92005.7598562762,91004.865308886,88775.3953704984,97581.2610190502,90987.1877454605,92607.2510023558,91332.6043035409,85430.9596463619,96578.7709714101
2023-07-29,88408.5050438789,92166.2950319136,89713.7145459964,100735.989053392,91765.8907492429,94245.6992978014,90876.1834877031,89247.4612518977,88293.0265112965,97581.2610190502,89693.1176985773,91004.0413523027,89938.920812726,83673.5555893736,94821.3669144218
2023-07-30,87883.6390349322,92166.2950319136,92722.5925360851,98168.8525492152,93781.3596959562,94365.504483257,89585.2924968602,88150.0801866171,87025.3492775086,97581.2610190502,88647.8017252507,90177.6549636608,88794.391469576,82576.174524093,93723.9858491412
2023-07-31,87439.040548987,92166.2950319136,97265.0765415644,97591.6980471748,95590.6666862349,96747.3923568971,89570.1698154569,88020.5434926831,87489.277453511,97581.2610190502,88400.093794157,90676.4973490124,88663.6023674323,82446.637830159,93594.4491552072
2023-08-01,91963.9570394213,92166.2950319136,97126.1410499623,100805.280039522,96014.4511597633,96866.3531523975,88657.655533097,88205.6662702904,85288.8951551938,97581.2610190502,87926.0164709488,90417.8408252444,88263.1127581121,82631.7606077663,93779.5719328145
2023-08-02,93219.4980375671,92166.2950319136,96665.8950201136,99613.331544895,95163.454752578,97217.4671263554,91586.9437925956,91234.5404972059,89575.3251995144,97581.2610190502,90759.6843523345,92703.5498959871,91193.722880712,85660.6348346818,96808.44615973
2023-08-03,91705.2680327002,92166.2950319136,96260.2400305456,101560.66603655,94236.0245513175,97070.6920749727,92559.4565791079,93161.2302660209,92143.4969667883,98602.3345704601,93140.956755949,93990.5407533017,92953.8812003593,87587.3246034968,98735.135928545
2023-08-04,89214.8125431207,92166.2950319136,92080.8055466606,101335.2445368,92166.2951839754,97057.6064022284,90764.0032842034,89999.100912038,88374.6576528505,97581.2610190502,90541.0370044381,92086.4653816864,90434.7137335599,84425.1952495139,95573.0065745621
2023-08-05,84414.0430603583,92166.2950319136,89713.7145459964,98101.5770302598,91765.8907492429,95008.7949226109,89212.1314066999,86639.4516599757,87447.1517968758,97581.2610190502,88167.8493511182,89734.7214104141,88006.4774725979,81065.5459974516,92213.3573224998
2023-08-06,84121.278557538,92166.2950319136,92722.5925360851,92938.0090265417,93781.3596959562,95226.7823953116,84512.269248222,83908.0014412263,82413.3810744123,97581.2610190502,84003.8333982613,86915.2869287455,84141.3680292365,78334.0957787022,89481.9071037504
2023-08-07,85390.8610458213,92166.2950319136,97265.0765415644,92652.5280330357,95590.6666862349,97576.365714135,85491.1807786009,85341.5375866825,81087.9363721232,97581.2610190502,85329.0706993311,88441.8340903918,85387.2630215381,79767.6319241584,90915.4432492066
2023-08-08,85289.039551644,92166.2950319136,97126.1410499623,95490.2865486559,96014.4511597633,97753.8251226571,87119.9946578421,86500.0073750206,82531.2814483544,97581.2610190502,86640.6056424765,89505.769265302,86753.5358917797,80926.1017124965,92073.9130375447
2023-08-09,87922.7780501792,92166.2950319136,96665.8950201136,96310.4485395723,95163.454752578,98712.5788248026,86491.8154021275,86374.2134095108,82444.1180278626,97581.2610190502,86165.5554185065,89444.6976735916,86343.8614100483,80800.3077469867,91948.119072035
2023-08-10,88719.6495418337,92166.2950319136,96260.2400305456,98184.7955472,94236.0245513175,98162.9788200482,87366.825925355,86851.8144222411,85268.1562874801,97581.2610190502,85646.0127816906,89517.073342618,86621.5510430956,81277.908759717,92425.7200847652
2023-08-11,87544.0825339757,92166.2950319136,92080.8055466606,100116.319033205,92166.2951839754,98360.2206366579,87369.2428506619,86051.3363855165,85072.1591324249,97581.2610190502,86442.7154225323,89552.0174315859,86621.0982195702,80477.4307229924,91625.2420480406
2023-08-12,86707.926544739,92166.2950319136,89713.7145459964,98928.7995582544,91765.8907492429,96126.5186122613,85256.4684307174,83538.6356828222,83003.6221000935,97581.2610190502,84523.6154354515,87351.3844875946,84439.573182997,77964.7300202981,89112.5413453463
2023-08-13,86354.3460316206,92166.2950319136,92722.5925360851,95492.9835190375,93781.3596959562,96391.6070354791,85615.4161867022,84696.457159468,83112.6169006915,97581.2610190502,85328.626145297,88005.5603829598,85213.499830489,79122.5514969439,90270.3628219921
2023-08-14,87433.4400503041,92166.2950319136,97265.0765415644,92298.6415475905,95590.6666862349,98771.6810353582,86848.0312186948,87097.6677747525,83079.4914351247,97581.2610190502,87181.8005387612,89984.2903310519,87042.4998440695,81523.7621122284,92671.5734372766
2023-08-15,86326.6455482877,92166.2950319136,97126.1410499623,90972.1860483594,96014.4511597633,97146.0566453374,87033.3215757695,86005.637816039,83942.417897117,97581.2610190502,86324.6535136731,89125.3904324789,86454.5376351605,80431.7321535149,91579.5434785631
2023-08-16,89711.8540226911,92166.2950319136,96665.8950201136,95454.4445422887,95163.454752578,99009.1389423841,87161.9491367465,87837.4008403746,82371.4997965588,97581.2610190502,86810.8797530891,90223.1947637914,87270.0765767367,82263.4951778505,93411.3065028987
2023-08-17,89156.5385527509,92166.2950319136,96260.2400305456,95605.6720316844,94236.0245513175,99465.6458814562,89086.5897778784,89176.4193806098,87103.8147100717,97581.2610190502,88402.0981989105,91544.5533577489,88888.3691191329,83602.5137180857,94750.3250431339
2023-08-18,89450.1805525685,92166.2950319136,92080.8055466606,97540.8985537526,92166.2951839754,100166.418891177,88740.5856111825,89543.9791082393,85697.1323392086,97581.2610190502,87940.8635664059,91619.9924588738,88741.8094286092,83970.0734457152,95117.8847707634
2023-08-19,87966.5810528329,92166.2950319136,89713.7145459964,92472.3305471126,91765.8907492429,97782.5816209745,88733.0688214462,87966.6680128624,86934.7661376768,97581.2610190502,87432.1688557496,90482.2464354099,88043.9685633527,82392.7623503382,93540.5736753865
2023-08-20,89759.7700408526,92166.2950319136,92722.5925360851,91248.0540408829,93781.3596959562,97720.2812630379,87988.2949679294,87261.9565185553,85929.2269753198,97581.2610190502,87039.8071295398,90005.3020308905,87430.0195386748,81688.0508560312,92835.8621810794
2023-08-21,93167.1750471355,92166.2950319136,97265.0765415644,93493.4915452381,95590.6666862349,100296.992677114,89900.49204829,91117.7622212046,89288.1550018459,97581.2610190502,90120.5393043141,92879.9803417422,90379.5978579362,85543.8565586805,96691.6678837287
2023-08-22,94162.3000377311,92166.2950319136,97126.1410499623,98395.0985454343,96014.4511597633,100501.161496313,92653.1305625616,94016.1893684669,92919.7925347954,98634.1236817462,93508.0985506421,95187.3643977948,93392.4728272236,88442.2837059428,99590.0950309911
2023-08-23,97060.770533803,92166.2950319136,96665.8950201136,97217.8255345683,95163.454752578,101679.761099932,94359.6880541111,94808.6235958446,92538.7289483372,98662.5356398224,93999.5656150948,96224.4009248516,94389.2924216835,89234.7179333205,100382.529258369
2023-08-24,98318.4580463044,92166.2950319136,96260.2400305456,98855.7950443932,94236.0245513175,101441.017801494,95342.1290938028,94783.9428305295,92862.8298022804,101613.172088314,94781.2429148584,96587.332472181,94969.1049463969,89210.0371680054,100357.848493054
2023-08-25,95480.7245364259,92166.2950319136,92080.8055466606,100402.814035795,92166.2951839754,100459.468351543,96828.2402389267,95843.5441584925,92698.1623686447,103219.563916786,95895.6720551873,97251.9809651437,96189.1521508688,90269.6384959683,101417.449821017
2023-08-26,91807.7870467452,92166.2950319136,89713.7145459964,97588.2920337784,91765.8907492429,98362.4754110526,94071.3156167432,92169.5118871462,91208.7894704268,101612.203024674,93712.5943496149,94560.2727564704,93317.8072845014,86595.6062246221,97743.4175496703
2023-08-27,92878.2860393303,92166.2950319136,92722.5925360851,95090.0900514262,93781.3596959562,98491.8350359356,91940.1244611638,91053.0464844452,89475.8584286417,97581.2610190502,91889.799116638,93337.477014071,91627.6566874157,85479.1408219211,96626.9521469693
2023-08-28,96187.7405516829,92166.2950319136,97265.0765415644,97377.9985272051,95590.6666862349,100880.804915882,94121.1040587117,93902.0296272801,90974.0600892837,98008.6027155911,94375.4585554484,95820.4211810073,94132.8640804801,88328.123964756,99475.9352898042
2023-08-29,96122.1990516545,92166.2950319136,97126.1410499623,104797.637538546,96014.4511597633,101082.569332848,96271.818967747,96619.9539186363,93890.2989291672,101665.709164876,96638.5435067908,97658.8835947944,96510.1054643913,91046.0482561121,102193.85958116
2023-08-30,95758.4595490899,92166.2950319136,96665.8950201136,104779.759537645,95163.454752578,101260.84619198,96091.3617365841,97142.9969420262,93601.7026999561,102066.833565952,96546.9822907651,97774.694031317,96593.7803231251,91569.0912795021,102716.90260455
2023-08-31,94239.0945299166,92166.2950319136,96260.2400305456,108582.175540539,94236.0245513175,101467.294714972,95687.1980657312,96113.7503539126,92471.1520180442,102232.639874437,96022.316699217,97330.1057218878,95941.0883729536,90539.8446913885,101687.656016437
2023-09-01,94331.226541259,92166.2950319136,92080.8055466606,106535.39453078,92166.2951839754,101664.15913452,94421.089998545,93881.7033174981,91535.3031806949,99401.3769097439,94622.1132688864,96144.4867159132,94308.3021949765,88307.797654974,99455.6089800222
2023-09-02,100691.990550666,92166.2950319136,89713.7145459964,104399.237034069,91765.8907492429,99695.613730734,94466.8162438186,94979.8479394892,91936.2555107657,99047.4658127216,94547.9515452964,95932.0648025678,94664.8719095347,89405.9422769651,100553.753602013
2023-09-03,97722.4395462078,92166.2950319136,92722.5925360851,100147.603536884,93781.3596959562,99838.5347863313,98835.204899786,97545.5318703609,95635.1859404782,103661.908619127,98333.7552798883,98625.6383346749,98238.1640166784,91971.6262078368,103119.437532885
2023-09-04,100408.004547216,92166.2950319136,97265.0765415644,98816.2940519813,95590.6666862349,102966.454353962,99533.8676049829,100345.177691968,95222.2792733751,102256.627096844,99770.898851619,100665.240836589,99883.3147161899,94771.2720294437,105919.083354492
2023-09-05,99901.4015427209,92166.2950319136,97126.1410499623,102279.52454829,96014.4511597633,103258.012033961,100343.394012988,101038.112930865,96949.0096190787,103616.343874721,100465.518643855,101286.211971198,100615.675195903,95464.2072683411,106612.018593389
2023-09-06,101310.872523731,92166.2950319136,96665.8950201136,102879.970542294,95163.454752578,103429.339904157,100716.767077737,100692.873776783,95502.6646457789,105768.694674695,100300.908222534,101288.745122453,100570.183025685,95118.9681142586,106266.779439307
2023-09-07,102020.492536647,92166.2950319136,96260.2400305456,106783.834031713,94236.0245513175,103757.093370438,101013.974472641,101862.13950746,97986.5464569082,106601.713200654,101196.549490127,101968.853192432,101357.554490076,96288.2338449356,107436.045169984
2023-09-08,100123.007049519,92166.2950319136,92080.8055466606,104599.974042652,92166.2951839754,103841.542685512,101283.655006971,100485.47261806,96716.016649785,105758.709031808,100228.711441841,101457.318616884,100665.946355624,94911.5669555363,106059.378280584
2023-09-09,96620.7195372608,92166.2950319136,89713.7145459964,102039.855052094,91765.8907492429,101945.751935868,98832.811399161,98083.5001807162,95526.7126324461,105758.709031808,98624.5456039173,99365.6146066666,98513.6190612648,92509.5945181921,103657.40584324
2023-09-10,99580.112525716,92166.2950319136,92722.5925360851,98476.4975450586,93781.3596959562,101533.439770207,97160.9670708088,96209.8603274463,93728.2788267353,103644.312916315,96470.9885289369,97838.6995490473,96613.9386423973,90635.9546649221,101783.76598997
2023-09-11,104988.48054867,92166.2950319136,97265.0765415644,103183.510043588,95590.6666862349,103770.609128525,102288.202506325,102973.661848094,95812.92854846,105563.824954322,102153.695501065,102806.760963035,102471.853285161,97399.7561855701,108547.567510618
2023-09-12,103297.681537124,92166.2950319136,97126.1410499623,111641.925562476,96014.4511597633,103923.348828183,105828.841697906,105039.109290164,99726.3989479435,109204.995986244,105344.070818618,105025.3315662,105404.007268896,99465.2036276401,110613.014952688
2023-09-13,102091.09653926,92166.2950319136,96665.8950201136,111614.622037305,95163.454752578,104146.057596313,104930.434795327,103786.844851673,99295.6391849486,109198.539066016,104690.626826891,104375.066060571,104469.302157964,98212.9391891493,109360.750514198
2023-09-14,101020.325044241,92166.2950319136,96260.2400305456,109639.429519923,94236.0245513175,104370.016067517,102056.553459848,101773.873639102,97590.8468445382,107284.737648224,101856.547386712,102513.395987546,101895.658161887,96199.967976578,107347.779301626
2023-09-15,99441.5225568083,92166.2950319136,92080.8055466606,108807.758545678,92166.2951839754,104581.857528151,100036.1154541,99067.3043945719,96728.4693835775,107274.608876781,99563.5617831965,100805.840282823,99555.6605439562,93493.3987320477,104641.210057096
2023-09-16,97291.4755346251,92166.2950319136,89713.7145459964,105789.485546384,91765.8907492429,102739.639630709,98778.6029607267,98078.3555788636,94097.0093489052,107509.248141212,98742.0898406494,99578.9112879898,98533.0161267466,92504.4499163395,103652.261241388
2023-09-17,100359.508541206,92166.2950319136,92722.5925360851,100541.788027969,93781.3596959562,102916.806644194,98326.3069403113,99468.9905078547,94337.007369319,105390.203765511,97272.1745634833,99518.9654560122,98355.8240038831,93895.0848453306,105042.896170379
2023-09-18,101472.853034786,92166.2950319136,97265.0765415644,102386.425046587,95590.6666862349,105256.713877421,101864.691856176,103475.625004446,97280.7631273621,105794.722295632,101996.766528591,103170.021575418,102445.694463071,97901.7193419224,109049.530666971
2023-09-19,100860.203043343,92166.2950319136,97126.1410499623,105401.066546981,96014.4511597633,105484.226741604,101762.348616449,102823.126605449,97729.9005767586,106219.430980815,102269.9341716,103097.900808124,102285.136464499,97249.2209429248,108397.032267973
2023-09-20,100578.426546608,92166.2950319136,96665.8950201136,105268.386029569,95163.454752578,105713.020933763,101053.962544377,101976.931510817,97567.488859982,106213.150585282,101965.754399294,102687.198647279,101665.549484829,96403.0258482926,107550.837173341
2023-09-21,104203.786035966,92166.2950319136,96260.2400305456,105136.580039637,94236.0245513175,105942.89775398,100525.005278838,100994.086733534,96462.2385274291,105584.767319515,100368.682606359,101968.022101873,100629.258206244,95420.1810710101,106567.992396058
2023-09-22,99814.4550208176,92166.2950319136,92080.8055466606,104628.792538101,92166.2951839754,106383.09539372,102911.855729704,102809.693163205,98047.7741532432,107458.097961501,101725.769363757,103465.017978614,102482.439418889,97235.7875006812,108383.598825729
2023-09-23,95479.9845444837,92166.2950319136,89713.7145459964,104879.061041046,91765.8907492429,104311.7624393,98877.38554092,98282.1007301874,93997.9001447294,105344.381678486,98425.9957826395,99973.0638415262,98528.4940179156,92708.1950676633,103856.006392712
2023-09-24,96652.0735320367,92166.2950319136,92722.5925360851,105974.255533211,93781.3596959562,104440.082582955,97069.9733444837,97661.9788751447,93557.4369893376,105692.06137031,97159.8014951225,99094.8666558183,97297.2512382503,92088.0732126206,103235.884537669
2023-09-25,99421.7915448414,92166.2950319136,97265.0765415644,107345.812525673,95590.6666862349,106874.519841363,99285.5761726788,98923.4231386377,95781.9573342855,105892.231448452,98919.7004431144,101003.467742974,99042.8999181436,93349.5174761136,104497.328801162
2023-09-26,100109.330539095,92166.2950319136,97126.1410499623,107794.218539748,96014.4511597633,107110.127821649,100330.037214031,101138.664749586,94998.5094163347,107370.819627972,100941.654682443,102391.535267372,100803.452215353,95564.7590870621,106712.57041211
2023-09-27,100803.165045639,92166.2950319136,96665.8950201136,110138.022545279,95163.454752578,107400.680836854,100332.203010681,100825.962039831,96301.2905546602,107518.373677334,100629.975969912,102306.585272801,100596.047006808,95252.0563773069,106399.867702355
2023-09-28,99653.1710402968,92166.2950319136,96260.2400305456,110078.494531145,94236.0245513175,107651.87506931,99922.4919298385,99683.9900409362,96210.41085198,107518.373677334,99519.894172744,101699.048109659,99708.7920478395,94110.0843784121,105257.89570346
2023-09-29,97805.2590348672,92166.2950319136,92080.8055466606,112721.168524814,92166.2951839754,107822.955020691,98832.3110825093,97698.7755818679,93635.6301147028,107891.336217513,98034.5117868896,100593.504582014,98188.5328170889,92124.8699193438,103272.681244392
2023-09-30,95112.1545477846,92166.2950319136,89713.7145459964,108422.31104344,91765.8907492429,106078.6992869,97557.3089659284,95944.7823480579,92878.1522661862,106159.174758555,97041.7502267727,99144.2494966484,96847.947180253,90370.8766855338,101518.688010582
2023-10-01,97857.8155563958,92166.2950319136,92722.5925360851,102967.340030179,93781.3596959562,106419.348925568,97204.4193418714,97011.809430219,93050.5933656228,105385.379449489,96243.6286001506,99228.8383750896,96819.9524574136,91437.9037676949,102585.715092743
2023-10-02,103211.959059603,92166.2950319136,97265.0765415644,104742.846537419,95590.6666862349,109094.940956283,101204.948257785,101914.319335153,95149.3851555117,107517.04068555,100890.057901848,103291.933426406,101336.441831595,96340.413672629,107488.224997677
2023-10-03,104732.290536871,92166.2950319136,97126.1410499623,106783.367061479,96014.4511597633,108782.22347777,105026.834990938,105046.722794207,98964.375902938,110455.617431588,105124.100238555,105997.275330963,105065.8860079,99472.8171316834,110620.628456732
2023-10-04,103229.415022215,92166.2950319136,96665.8950201136,107242.758562225,95163.454752578,109023.749515725,104804.643457347,104740.514946281,98478.1919317404,109999.807822272,104468.418917236,105763.216542688,104671.192440288,99166.6092837566,110314.420608805
2023-10-05,101728.797541276,92166.2950319136,96260.2400305456,107936.626024929,94236.0245513175,109274.190966422,102959.408178714,103442.176874685,100008.505498911,109999.807822272,103081.947536588,104699.088412312,103161.177529996,97868.2712121606,109016.082537209
2023-10-06,99014.3720427753,92166.2950319136,92080.8055466606,107722.144036609,92166.2951839754,109513.293876297,101057.262474518,99781.2910531537,96521.3170886565,107646.41786495,99942.7070199606,102569.556740812,100260.420182544,94207.3853906296,105355.196715678
2023-10-07,96576.8295350795,92166.2950319136,89713.7145459964,104382.245030804,91765.8907492429,107738.709361465,98717.5687492052,97151.6131914591,93628.1293118123,106776.006422329,97960.8619183388,100383.002689,97943.347953001,91577.7075289349,102725.518853983
2023-10-08,98537.345536302,92166.2950319136,92722.5925360851,104730.76503068,93781.3596959562,107931.283955342,97304.4358049162,97689.8313097081,94240.3416138558,106389.142105118,97295.066555329,100067.26374816,97429.7778899844,92115.925647184,103263.736972232
2023-10-09,101624.245046279,92166.2950319136,97265.0765415644,105156.102557136,95590.6666862349,110237.391804167,101666.095363738,102121.455619814,95718.219219786,107263.56039853,102014.105606222,104019.430181164,101933.885529925,96547.5499572898,107695.361282338
2023-10-10,100719.812537407,92166.2950319136,97126.1410499623,109559.692535362,96014.4511597633,110480.959559037,102069.459388165,102471.690537094,98210.6107007539,107662.94748691,102811.359172539,104465.175873438,102450.836365933,96897.7848745701,108045.596199618
2023-10-11,98499.4230580663,92166.2950319136,96665.8950201136,108196.721036513,95163.454752578,110869.417047949,100307.859790963,100443.315661604,96676.5474685842,107656.581741934,100629.975969912,103069.851280933,100460.383807493,94869.4099990802,106017.221324128
2023-10-12,92797.1830333095,92166.2950319136,96260.2400305456,110356.785037116,94236.0245513175,109466.855849192,99142.9605168237,98540.4786425934,94493.5009493372,107656.581741934,99158.705486546,101576.785799872,98947.3815486544,92966.5729800693,104114.384305118
2023-10-13,93306.016534745,92166.2950319136,92080.8055466606,106451.711049383,92166.2951839754,111406.510680968,93447.1426652495,92946.2039072505,89549.017658047,100041.224988459,93357.1618624978,97795.8453573516,93250.1694783326,87372.2982447264,98520.1095697746
2023-10-14,95810.0945332919,92166.2950319136,89713.7145459964,104848.1920306,91765.8907492429,109256.203010445,94493.1940352014,95255.2497344286,92634.6210973916,100088.558401922,94776.1380999846,98463.2535347746,94841.5272898715,89681.3440719045,100829.155396953
2023-10-15,100255.363536826,92166.2950319136,92722.5925360851,102506.715550711,93781.3596959562,109499.88839191,95959.9917573556,97133.1772024738,93377.6445959884,103299.034605978,95957.0213139223,99661.3475733712,96350.0634245839,91559.2715399497,102707.082864998
2023-10-16,102857.598043814,92166.2950319136,97265.0765415644,105526.309045241,95590.6666862349,111943.084749858,101061.619357075,101404.939158057,97418.631781191,105831.15153953,100840.409054887,103825.401087107,101102.322523339,95831.0334955327,106978.844820581
2023-10-17,103124.552550177,92166.2950319136,97126.1410499623,109029.36403648,96014.4511597633,112470.159400238,104509.567829171,104488.298968908,100977.617968548,109583.495547279,103597.377160274,106276.391022136,104198.414652784,98914.3933063836,110062.204631432
2023-10-18,104263.446050828,92166.2950319136,96665.8950201136,108884.446527328,95163.454752578,112657.255404353,104271.419954024,104676.904790093,99586.6889358873,109577.016247863,103581.068441872,106311.100112315,104176.46439533,99102.9991275688,110250.810452617
2023-10-19,107407.438538495,92166.2950319136,96260.2400305456,109950.882540646,94236.0245513175,112678.349012276,103125.40922822,105701.435884523,98508.4378739987,110924.634399975,103147.204010824,106201.432743869,103991.349707856,100127.530221999,111275.341547047
2023-10-20,103583.987038836,92166.2950319136,92080.8055466606,110016.301534222,92166.2951839754,113451.941554964,104573.158187858,104711.051749637,102056.516103485,111233.007996008,104029.860815101,106702.18460065,104438.023584199,99137.1460871129,110284.957412161
2023-10-21,99271.9860282896,92166.2950319136,89713.7145459964,107555.752550346,91765.8907492429,111880.599335365,102384.500918057,102394.418757668,98309.5674776669,110937.541156084,102007.816388025,104675.469152773,102262.245354583,96820.5130951438,107968.324420192
2023-10-22,103822.193556129,92166.2950319136,92722.5925360851,105123.783047584,93781.3596959562,111973.232291829,100548.237476309,102041.236495189,95184.2366483724,108647.2600923,100816.585259585,103869.719682888,101135.353077028,96467.3308326649,107615.142157713
2023-10-23,106315.109539095,92166.2950319136,97265.0765415644,107687.05705102,95590.6666862349,113998.020787731,106396.181030341,106781.301739036,100165.52296798,111503.631094926,106081.802557996,108325.977945184,106419.761775791,101207.396076512,112355.20740156
2023-10-24,107479.826035228,92166.2950319136,97126.1410499623,108248.809554318,96014.4511597633,114673.59147894,106346.184957583,107647.752460732,104025.065267314,111243.510512429,106240.380732837,108749.366697999,106744.772717051,102073.846798208,113221.658123256
2023-10-25,109709.252043854,92166.2950319136,96665.8950201136,109633.323027191,95163.454752578,114157.199891155,107539.706056965,107412.196288012,104321.421046735,111190.689722312,106885.59778333,109005.107959992,107279.166709436,101838.290625488,112986.101950537
2023-10-26,111118.808537084,92166.2950319136,96260.2400305456,108998.498037745,94236.0245513175,114654.789397899,108066.089110733,109009.167210414,104192.363423024,111660.80461933,106999.953985537,109704.358086891,108025.070102228,103435.26154789,114583.072872938
2023-10-27,104688.720523941,92166.2950319136,92080.8055466606,109771.606026564,92166.2951839754,115133.106094357,107678.1273577,107282.07747424,103512.440310895,112596.052322854,106788.711247143,109225.437266977,107249.638693027,101708.171811715,112855.983136764
2023-10-28,102854.475030745,92166.2950319136,89713.7145459964,106796.020042386,91765.8907492429,112743.305599079,102901.23398245,102249.508350143,98192.4419747339,110937.541156084,102354.595255092,105063.743066269,102501.779195895,96675.6026876185,107823.414012667
2023-10-29,110731.772508463,92166.2950319136,92722.5925360851,102201.721059614,93781.3596959562,112875.518094688,104641.126509568,106303.036115927,99332.1040908315,110532.858381302,104100.484531859,107009.138193905,105014.882385784,100729.130453403,111876.941778451
2023-10-30,106865.922033075,92166.2950319136,97265.0765415644,101977.356530992,95590.6666862349,115819.32881235,109939.708024324,111353.793724222,105227.40473264,112180.291233376,109800.932658719,111750.719905104,110364.811469088,105779.888061698,116927.699386746
2023-10-31,102822.613538051,92166.2950319136,97126.1410499623,103994.996038764,96014.4511597633,116356.107780614,107609.564101021,107373.994005043,103854.668166988,110532.858381302,106754.720574252,109531.217582516,107246.092893439,101800.088342519,112947.899667567
2023-11-01,110960.849039932,92166.2950319136,96665.8950201136,107088.54702784,95163.454752578,114366.462220473,105837.971386995,107107.979653465,100555.645670186,109276.464171823,105131.66658356,108136.345566325,106025.87254134,101534.073990941,112681.885315989
2023-11-02,112187.108045331,92166.2950319136,96260.2400305456,108926.690543734,94236.0245513175,116874.423073676,110413.050558506,111029.836462351,106484.152510911,112007.110291684,109106.293820295,111874.909384599,110183.060280384,105455.930799827,116603.742124875
2023-11-03,115409.913034647,92166.2950319136,92080.8055466606,111983.830047217,92166.2951839754,119094.179877841,110162.947183008,111474.497987254,108302.56268114,115188.412152773,110176.741675334,112749.383486417,110604.728948532,105900.59232473,117048.403649778
2023-11-04,113299.461541603,92166.2950319136,89713.7145459964,110879.975528028,91765.8907492429,114676.564474341,111060.054695244,110969.814616965,107333.348592601,116841.143456567,111186.26925454,111973.868057765,111072.046188916,105395.908954441,116543.720279489
2023-11-05,114050.324524746,92166.2950319136,92722.5925360851,108893.536023256,93781.3596959562,115438.114560684,111786.544964368,115648.294335735,109630.429650725,115287.322459902,112037.753145273,113776.665348396,113157.530815125,110074.388673211,121222.199998259
2023-11-06,113940.736540513,92166.2950319136,97265.0765415644,111496.586039737,95590.6666862349,119420.059962731,112722.00749848,115918.382878493,110366.325528367,116612.380377913,113843.537604502,115514.213412889,114161.309327158,110344.477215969,121492.288541017
2023-11-07,118821.520019484,92166.2950319136,97126.1410499623,112247.30404885,96014.4511597633,120527.915985979,114760.821972227,117404.659064412,111259.106987419,117057.069953323,115095.389695477,116982.112305785,115753.623577372,111830.753401888,122978.564726936
2023-11-08,117532.20954817,92166.2950319136,96665.8950201136,113801.348023769,95163.454752578,119849.749941941,117051.163356302,118993.825624528,112752.292475611,122619.128107039,118130.663210859,118526.591832664,118058.550730563,113419.919962004,124567.731287052
2023-11-09,115787.175021896,92166.2950319136,96260.2400305456,115381.027035153,94236.0245513175,117359.333056455,116077.346587836,116106.136993732,114045.603862077,121887.406713675,116177.944231802,116430.891576114,116120.47593779,110532.231331208,121680.042656257
2023-11-10,117128.273038118,92166.2950319136,92080.8055466606,113047.326548065,92166.2951839754,119964.82422717,115046.626787799,114311.513396676,110072.845901233,117783.941979141,114103.393148375,115855.868831464,114487.177777616,108737.607734152,119885.4190592
2023-11-11,116922.643019636,92166.2950319136,89713.7145459964,110105.921035811,91765.8907492429,116064.721061381,115719.797739721,115961.947501895,110874.502727493,121950.774984565,115428.921442549,115798.62674207,115703.555561388,110388.04183937,121535.853164419
2023-11-12,114036.807533131,92166.2950319136,92722.5925360851,109749.624534556,93781.3596959562,116047.906559964,115480.841634387,116346.111620973,110950.026168575,122117.433617033,115703.382971939,115904.481995821,115843.4454091,110772.205958449,121920.017283497
2023-11-13,110559.962518335,92166.2950319136,97265.0765415644,111157.822548878,95590.6666862349,118502.942646387,114276.398797444,114266.49827922,110745.787251055,116401.936507277,113924.63439692,115247.262480947,114155.843824528,108692.592616696,119840.403941744
2023-11-14,110248.92002349,92166.2950319136,97126.1410499623,116337.969542336,96014.4511597633,118752.965541763,112184.522998358,112556.113706633,105390.404783471,115450.159668105,111574.794429059,113779.442974962,112105.14371135,106982.208044109,118130.019369157
2023-11-15,109702.188034326,92166.2950319136,96665.8950201136,117845.066528475,95163.454752578,119034.393908587,111176.723512497,110320.23369166,106378.286273582,115163.25852043,109599.164608294,112535.790003312,110365.373937484,104746.328029136,115894.139354184
2023-11-16,113242.347036768,92166.2950319136,96260.2400305456,115886.468545113,94236.0245513175,119259.690539049,110502.193953995,110243.772147708,106130.931933325,114183.708062193,108552.312376769,112152.653422705,109766.092826157,104669.866485184,115817.677810232
2023-11-17,107739.531530027,92166.2950319136,92080.8055466606,115671.830551817,92166.2951839754,120594.023609278,112904.277455823,113211.733568728,109507.231316479,116985.422042648,111236.88837606,114504.666482733,112450.966466871,107637.827906204,118785.639231253
2023-11-18,106335.221536805,92166.2950319136,89713.7145459964,116950.577517646,91765.8907492429,118089.010169065,108660.661784672,108134.543008135,105060.047754175,114323.178801016,105923.176623234,110216.33720085,107572.793805347,102560.637345611,113708.448670659
2023-11-19,110941.51204447,92166.2950319136,92722.5925360851,124016.577528875,93781.3596959562,118339.410691061,107360.176812645,108485.016560028,105016.272088681,113164.453426678,106968.165157295,110311.731753865,107604.452843323,102911.110897504,114058.922222552
2023-11-20,119388.28302447,92166.2950319136,97265.0765415644,127000.930539031,95590.6666862349,122052.931316893,113242.074159947,115617.196240819,107043.135891918,114456.270411235,112633.040673143,115924.997469514,113830.77035797,110043.290578295,121191.101903343
2023-11-21,123670.009040325,92166.2950319136,97126.1410499623,130695.267041055,96014.4511597633,122859.680096931,117567.741140518,121195.645850596,112802.7352877,124389.032318153,117509.653492534,119832.040654437,118757.680161216,115621.740188072,126769.55151312
2023-11-22,124675.76103277,92166.2950319136,96665.8950201136,134108.673532505,95163.454752578,123276.245494109,124322.89095389,125518.241915769,116077.351180107,124953.19568969,123861.429444194,124261.236605723,124567.520771284,119944.336253245,131092.147578293
2023-11-23,122007.035024071,92166.2950319136,96260.2400305456,127361.26252453,94236.0245513175,124628.33325385,126838.558196465,127947.632693366,121663.846437338,128348.73406942,126212.27456154,126422.243430292,126999.48848379,122373.727030842,133521.53835589
2023-11-24,122035.017534095,92166.2950319136,92080.8055466606,130475.770533062,92166.2951839754,123819.214051633,120530.986301884,120551.835739191,114713.619222017,126964.520620396,120648.888479473,121389.618049517,120577.236840183,114977.930076667,126125.741401715
2023-11-25,121228.827029068,92166.2950319136,89713.7145459964,125445.361529051,91765.8907492429,122305.52033829,121732.75592519,121804.089800932,115529.350732687,127092.813091105,121080.185783845,121735.379782677,121539.010503322,116230.184138408,127377.995463456
2023-11-26,125549.781529882,92166.2950319136,92722.5925360851,125446.300039254,93781.3596959562,123490.398658655,123691.612644436,125285.274060027,116876.583363908,127451.603827352,124056.862951446,124148.693028168,124344.583218636,119711.368397503,130859.179722551
2023-11-27,135177.873546902,92166.2950319136,97265.0765415644,127988.31904343,95590.6666862349,124952.185893246,127860.211029248,129880.506182829,122822.420642194,131146.463459347,127171.573735463,127492.798925511,128304.096982514,124306.600520305,135454.411845354
2023-11-28,130765.372529762,92166.2950319136,97126.1410499623,132530.371022711,96014.4511597633,123667.632700289,130051.535428252,129874.932392883,128332.944944668,138890.695251486,130162.110479933,128431.900918225,130029.526100356,124301.026730359,135448.838055407
2023-11-29,124893.173539234,92166.2950319136,96665.8950201136,133551.762540058,95163.454752578,122401.910057036,126999.045103558,124746.138442276,123040.130351297,133025.749557641,125261.670319279,124830.368597463,125668.951288371,119172.232779752,130320.0441048
2023-11-30,128916.992550228,92166.2950319136,96260.2400305456,131126.806530726,94236.0245513175,123490.72517795,124750.037414414,124808.612355198,120659.263822656,129056.581783203,123572.337245891,124161.544453424,124376.995671834,119234.706692673,130382.518017722
2023-12-01,123910.483026173,92166.2950319136,92080.8055466606,134950.440529338,92166.2951839754,126936.409199763,129153.768645828,129588.267133192,123828.833234338,132386.246875591,128345.798198661,128514.211543041,129029.27799256,124014.361470668,135162.172795716
2023-12-02,127544.882032112,92166.2950319136,89713.7145459964,134064.803529555,91765.8907492429,126105.275843049,127341.237359658,126337.769065499,119273.888574194,128508.69308455,125516.612121865,126321.640874053,126398.539515674,120763.863402975,131911.674728023
2023-12-03,129619.040529016,92166.2950319136,92722.5925360851,137110.942039083,93781.3596959562,124406.943204862,131399.667714197,131663.275886863,124591.813330851,133094.400795199,129922.505020505,129354.411945615,130995.149540522,126089.370224339,137237.181549388
2023-12-04,129936.667030619,92166.2950319136,97265.0765415644,135321.915522987,95590.6666862349,126514.569226748,129950.900515587,130497.201391014,124452.514266307,132387.004403662,128421.662636246,128858.613280473,129623.254847616,124923.29572849,136071.107053538
2023-12-05,131168.875526384,92166.2950319136,97126.1410499623,137541.176037383,96014.4511597633,128322.530349939,129774.971431695,131695.298814252,125016.965556331,132953.963799572,130784.484453109,130161.742546386,130751.584899685,126121.393151727,137269.204476776
2023-12-06,125379.297039134,92166.2950319136,96665.8950201136,130288.722533266,95163.454752578,126777.023058885,130812.347522767,130652.61092895,126453.850416995,135155.026582673,131223.690550706,129859.48821973,130896.216334141,125078.705266426,136226.516591474
2023-12-07,128763.380541164,92166.2950319136,96260.2400305456,127849.425016193,94236.0245513175,127790.046807807,127469.726823803,127014.174667285,124728.770302714,131234.293377455,126490.200671683,127190.818141767,126991.36738759,121440.269004761,132588.080329809
2023-12-08,120603.853028596,92166.2950319136,92080.8055466606,130011.287010126,92166.2951839754,125847.14699556,127792.853372207,125776.950128598,123806.043318757,132169.39350399,126599.175034512,126484.07442168,126722.992845106,120203.044466073,131350.855791122
2023-12-09,116157.078532835,92166.2950319136,89713.7145459964,126298.081039085,91765.8907492429,123996.26884536,120226.843898449,117709.379482848,116614.270983397,126774.077759384,117750.0421818,119905.199700605,118562.088521032,112135.473820324,123283.285145372
2023-12-10,122131.458514416,92166.2950319136,92722.5925360851,127590.39352287,93781.3596959562,122934.404836239,115823.944681037,114670.304848594,110532.542141849,121839.292089655,115693.423989475,117271.803660697,115395.891173035,109096.39918607,120244.210511118
2023-12-11,121536.506034094,92166.2950319136,97265.0765415644,142011.577022238,95590.6666862349,125169.499081768,119048.625857662,120626.933317767,112711.331018546,126413.336402729,119361.502895323,121073.719639463,119679.020690251,115053.027655243,126200.838980291
2023-12-12,127228.351034318,92166.2950319136,97126.1410499623,147573.499526079,96014.4511597633,125988.711000924,119214.081723616,120541.833925661,114812.340825027,130771.783795793,119041.042229833,121218.423009441,119598.985959703,114967.928263137,126115.739588185
2023-12-13,130980.575524451,92166.2950319136,96665.8950201136,137453.724027898,95163.454752578,128361.758208528,129013.381134851,131132.581205733,122271.725653034,132088.621740905,129011.225229409,129405.542348719,129719.062523331,125558.675543209,136706.486868257
2023-12-14,131102.059553828,92166.2950319136,96260.2400305456,130823.74052468,94236.0245513175,128153.541553338,129574.098513277,130286.548579788,126369.701900816,134451.679431677,129189.430005649,129310.795474591,129683.359032905,124712.642917263,135860.454242312
2023-12-15,125281.444029624,92166.2950319136,92080.8055466606,130061.790530427,92166.2951839754,127992.716984767,128353.785590453,127176.594112232,125743.48819552,134159.134387639,127537.463103752,127754.651018959,127689.280935479,121602.688449708,132750.499774756
2023-12-16,123152.631548711,92166.2950319136,89713.7145459964,132288.09352835,91765.8907492429,128209.954357255,127266.829817469,127011.025297474,123948.401375303,130202.581371999,125779.69634795,127072.253706677,126685.850487631,121437.11963495,132584.930959998
2023-12-17,132379.869045973,92166.2950319136,92722.5925360851,130263.128531909,93781.3596959562,128451.141815262,127613.271164806,128659.403196238,121434.094878923,128530.509974329,127470.196026488,128062.791363866,127914.290129177,123085.497533714,134233.308858762
2023-12-18,139397.862068007,92166.2950319136,97265.0765415644,128684.89202769,95590.6666862349,131041.265320359,133537.171670538,137931.717878196,127958.371020542,141253.744271301,134953.315191323,134411.05103881,135474.068246686,132357.812215672,143505.62354072
2023-12-19,144055.600022787,92166.2950319136,97126.1410499623,132719.759046712,96014.4511597633,131210.108543543,140248.242731685,142415.257255129,133225.329636768,142437.533268289,139152.708500079,138283.033017035,140605.402828964,136841.351592605,147989.162917653
2023-12-20,141465.724545813,92166.2950319136,96665.8950201136,130479.984026764,95163.454752578,129520.364423102,142360.953046493,140730.689209866,135311.595525011,146352.433779885,139942.728880658,138122.534454176,141011.457045672,135156.783547342,146304.59487239
2023-12-21,137195.435529948,92166.2950319136,96260.2400305456,124342.25800565,94236.0245513175,129041.153664462,139550.252004912,138445.42630915,132466.316316408,144320.523141648,137150.830076837,136038.771356157,138382.169463633,132871.520646626,144019.331971675
2023-12-22,133572.216536687,92166.2950319136,92080.8055466606,125091.196543883,92166.2951839754,129050.658072859,134691.636736445,132405.312650232,129028.030636773,140363.561699096,131720.924345211,131950.731107698,132939.291243963,126831.406987708,137979.218312756
2023-12-23,133280.357516231,92166.2950319136,89713.7145459964,121355.441544449,91765.8907492429,127149.794819532,132660.558243418,132302.314372211,128361.954365482,139309.759243531,129812.069648668,130488.09733777,131591.647421432,126728.408709686,137876.220034735
2023-12-24,126764.055016307,92166.2950319136,92722.5925360851,122039.859042136,93781.3596959562,127979.177377574,135727.450126956,136228.059633252,129022.616476774,141074.557649921,133677.054535343,133414.710384984,135210.854765184,130654.153970728,141801.965295776
2023-12-25,120234.580027565,92166.2950319136,97265.0765415644,110757.134032405,95590.6666862349,129073.4427234,132605.443040762,128314.343197285,125049.637864751,133470.261533063,130546.966807916,130090.424093296,130488.917681987,122740.437534761,133888.248859809
2023-12-26,133496.162545796,92166.2950319136,97126.1410499623,115933.126071448,96014.4511597633,131557.494812596,126709.502608566,129062.735874981,120112.769134256,130020.672688073,125078.615345136,128143.212433332,126950.284609561,123488.830212457,134636.641537505
2023-12-27,130726.16803621,92166.2950319136,96665.8950201136,117829.765525219,95163.454752578,129679.553655582,132395.320947613,135307.466175315,132041.769033835,139712.765175749,131623.933298826,132289.863019768,133108.906807251,129733.560512791,140881.371837839
2023-12-28,130468.01954402,92166.2950319136,96260.2400305456,116422.365528911,94236.0245513175,129534.505583842,129327.329750754,130178.245971412,126803.460382815,134232.210920186,128535.230735157,129408.713446908,129346.935485774,124604.340308888,135752.151633937
2023-12-29,126897.467530363,92166.2950319136,92080.8055466606,120724.830026931,92166.2951839754,129781.471171385,127345.766057142,128205.723706758,125271.89275688,134328.512551825,126660.139098566,128014.235152824,127403.876287489,122631.818044234,133779.629369282
2023-12-30,121750.213018886,92166.2950319136,89713.7145459964,119386.261522915,91765.8907492429,127390.310907474,126810.762135647,125891.435645845,125191.63494588,130352.294411763,126077.917732779,126535.512411312,126260.038504757,120317.529983321,131465.34130837
2023-12-31,126124.641039777,92166.2950319136,92722.5925360851,120287.301538833,93781.3596959562,127694.968076288,122049.435384253,124178.646483213,119367.654915268,127747.917793098,122174.603309476,124053.985251829,122800.895058981,118604.740820689,129752.552145737
2024-01-01,117849.044536839,92166.2950319136,97265.0765415644,110052.490038022,95590.6666862349,128966.036444627,129646.676708127,129259.205471368,123244.708548151,131613.938151732,128218.761831337,129024.988980659,129041.548003611,123685.299808844,134833.111133892
2024-01-02,127448.744038568,92166.2950319136,97126.1410499623,117806.775062465,96014.4511597633,128897.468228121,120848.916803128,122653.279244622,118182.482172516,126425.754497527,118622.064997538,122795.121020521,120708.087015096,117079.373582098,128227.184907146
2024-01-03,123114.262024808,92166.2950319136,96665.8950201136,121269.864540031,95163.454752578,129507.997504875,126698.565639831,129706.098086335,124858.018635958,132777.834493952,126275.681110434,128088.499269344,127560.114945533,124132.19242381,135280.003748859
2024-01-04,123360.092036602,92166.2950319136,96260.2400305456,123336.567013704,94236.0245513175,130539.950424517,125220.747110309,127544.50054782,120539.764688536,128917.57753753,125346.459977081,127194.66872776,126037.235878403,121970.594885296,133118.406210345
2024-01-05,130810.965045476,92166.2950319136,92080.8055466606,121138.409523066,92166.2951839754,132123.515874261,126585.494375783,127108.449640507,120767.593853015,128195.575909242,125667.150021538,127886.302998472,126453.698012609,121534.543977983,132682.355303031
2024-01-06,128779.091044841,92166.2950319136,89713.7145459964,118724.064047407,91765.8907492429,128938.100867134,130971.324313103,127364.847899549,125002.897630007,135229.935230589,128707.75421859,128961.476448529,129014.642143747,121790.942237025,132938.753562073
2024-01-07,140609.327023132,92166.2950319136,92722.5925360851,123944.976041694,93781.3596959562,131295.881754685,132501.07175115,137587.636927884,125249.912290033,133736.558992671,131832.284796843,133369.929356776,133973.664491959,132013.73126536,143161.542590408
2024-01-08,145224.835036299,92166.2950319136,97265.0765415644,133635.334542386,95590.6666862349,134134.527665537,142158.519180119,149484.711625573,133183.027196086,146511.494381777,143862.326491228,142486.187657641,145168.519098973,143910.805963049,155058.617288097
2024-01-09,151738.814039247,92166.2950319136,97126.1410499623,135162.875058887,96014.4511597633,135348.543406734,144785.514618558,151850.788397916,136172.07641459,148005.738839889,145841.751887978,144532.055369616,147492.68496815,146276.882735391,157424.69406044
2024-01-10,157086.898039428,92166.2950319136,96665.8950201136,134474.571025408,95163.454752578,134671.887584371,148029.058183415,155566.787081771,137131.374147789,151405.839187042,151677.147918902,147551.022840093,151757.664394696,149992.881419247,161140.692744295
2024-01-11,154582.332518697,92166.2950319136,96260.2400305456,135476.590547139,94236.0245513175,134786.151555804,151735.772144693,158671.853789502,137139.090362637,156167.172740485,153706.186499336,149788.790128268,154704.604144511,153097.948126978,164245.759452026
2024-01-12,144851.502555792,92166.2950319136,92080.8055466606,134457.968513025,92166.2951839754,134229.11174243,151559.397845192,153926.463680416,136138.445593914,153490.948056728,151830.540342184,147902.364674564,152438.800622597,148352.558017892,159500.36934294
2024-01-13,137472.537046066,92166.2950319136,89713.7145459964,131621.846051781,91765.8907492429,130226.79756924,146047.338840298,145899.243835702,135861.14609366,146856.602268374,145640.1857717,141942.871107877,145862.256149233,140325.338173177,151473.149498226
2024-01-14,139758.236023495,92166.2950319136,92722.5925360851,126614.579524938,93781.3596959562,128248.465428086,140039.111327009,140389.667231496,129912.467196048,143134.188667242,136731.407776322,136365.985243915,139053.395444942,134815.761568972,145963.57289402
2024-01-15,137800.115049115,92166.2950319136,97265.0765415644,136936.931513321,95590.6666862349,129760.699056236,139890.431016473,139818.465592998,132559.075495355,140517.185508397,135301.995462791,136209.42898533,138336.964024087,134244.559930474,145392.371255522
2024-01-16,134496.484524489,92166.2950319136,97126.1410499623,145789.226514538,96014.4511597633,129136.299110371,137481.943128455,133556.972893161,129041.19783754,140496.683690736,131706.153154247,132946.692257204,134248.356391954,127983.067230637,139130.878555686
2024-01-17,125403.612536378,92166.2950319136,96665.8950201136,146703.896035265,95163.454752578,128143.856456554,132420.101848766,128842.602082659,128219.540674172,139622.057220691,129727.622187342,129750.613824483,130330.108706256,123268.696420135,134416.507745183
2024-01-18,122609.032047748,92166.2950319136,96260.2400305456,154984.89852261,94236.0245513175,130118.84386428,126924.233950024,127660.960166842,122336.227081985,135853.760904749,124665.827455071,127365.77389097,126417.007190646,122087.054504318,133234.865829366
2024-01-19,131311.344042027,92166.2950319136,92080.8055466606,155192.391058813,92166.2951839754,135613.837068591,129118.208088696,130688.99948531,118075.34493107,136964.208980287,124357.529574671,129993.832051459,128054.912382892,125115.093822786,136262.905147834
2024-01-20,131740.453543781,92166.2950319136,89713.7145459964,139553.987051774,91765.8907492429,133193.367691315,135545.367936902,137580.682721924,126878.580252348,136284.845699263,133361.719150422,134955.471247525,135495.923269749,132006.7770594,143154.588384448
2024-01-21,131068.899028084,92166.2950319136,92722.5925360851,146315.114547633,93781.3596959562,129681.641362173,134874.474409911,135210.204830811,126358.855881936,139541.6548057,133873.656871392,133415.905869378,134652.778704038,129636.299168287,140784.110493335
2024-01-22,128742.412021214,92166.2950319136,97265.0765415644,148895.604518517,95590.6666862349,129848.883804661,130055.289515712,131120.326023043,126648.885002701,136929.729587568,129210.957462331,130076.39480535,130128.857667029,125546.420360519,136694.231685567
2024-01-23,119086.246515782,92166.2950319136,97126.1410499623,160471.513544499,96014.4511597633,129540.236704539,128254.360425574,128092.187538673,123457.986126513,135699.799948529,125933.804486274,127966.345226421,127426.784150173,122518.281876149,133666.093201197
2024-01-24,105231.987550455,92166.2950319136,96665.8950201136,162519.377032411,95163.454752578,129578.131148628,120516.16448029,119000.407780487,114474.828258586,130905.67110134,118283.965989793,121843.967536634,119266.846083523,113426.502117963,124574.313443011
2024-01-25,5349.03700005659,92166.2950319136,96260.2400305456,162133.127538783,94236.0245513175,130584.489392249,103542.531368199,108606.236277365,99704.8118914575,121922.749356901,105910.733536198,112229.666424488,106019.833727254,103032.330614841,114180.141939889
2024-01-26,5013.06200609345,92166.2950319136,92080.8055466606,155721.389543792,92166.2951839754,130353.52555208,65002.1212980995,13038.6745432709,277.938137649583,107183.390735169,7894.98675040738,53776.9879847621,28645.2608639259,7464.76888074675,18612.580205795
2024-01-27,4961.10099977499,92166.2950319136,89713.7145459964,153900.093045993,91765.8907492429,127893.151766504,50556.4557240185,4945.96162697432,277.55281364578,104461.297644079,6876.18587289689,47288.1760360906,20792.8677412966,-627.944035549784,10519.8672894984
2024-01-28,4772.89200480992,92166.2950319136,92722.5925360851,152950.197547873,93781.3596959562,128653.152395639,48137.0728979765,4970.00985339856,288.232011955442,106952.012577045,6818.95733486152,46884.9266130943,19975.3466954122,-603.895809125545,10543.9155159227
2024-01-29,4555.28100134013,92166.2950319136,97265.0765415644,155902.476023665,95590.6666862349,131484.327890153,43993.9447888435,4906.96321657949,287.020476931195,106816.338911222,6838.86318688609,46579.3485789907,18579.9237307697,-666.942445944615,10480.8688791036
2024-01-30,3473.43300140405,92166.2950319136,97126.1410499623,155081.26856758,96014.4511597633,132172.597690282,39856.1797250817,4881.19420024782,264.066529771822,107495.407514269,6631.2666373264,45691.9874266675,17122.880187552,-692.711462276288,10455.0998627719
2024-01-31,3209.29600099078,92166.2950319136,96665.8950201136,153096.10304863,95163.454752578,134074.178445854,33894.6678675595,1815.11191092366,255.060069540938,103272.83304858,6165.54505283502,43806.1112040457,13958.4416104394,-3758.79375160045,7389.01757344776
